Workbook
Name all: #REF!

Sheet Sun
A1: CLASS ROUTINE (SCHOOL) - 2026
A2: SUNDAY
A3: SUB | B3: SL | C3: NAME | D3: IST | E3: 2ND | F3: 3RD | G3: 4TH | I3: 5TH | J3: 6TH | K3: 7TH | L3: Total
A4: SUB | B4: SL | C4: NAME | D4: 08.20-09.05 | E4: 09.05-09.45 | F4: 09.45-10.25 | G4: 10.25-11.05 | I4: 11.40-12.25 | J4: 12.25-13.05 | K4: 13.05-13:45
A5: BANGLA | B5: 1 | C5: NA | E5: 10A | G5: 8C | J5: 7D | L5: =COUNTIFS(D5:K5,">""") -> 3
B6: 2 | C6: GA | D6: 9B | E6: 10B | G6: 8A | I6: 6E | L6: =COUNTIFS(D6:K6,">""") -> 4
B7: 3 | C7: MR | E7: 8D | F7: 9BS | I7: 10D | J7: 9A | L7: =COUNTIFS(D7:K7,">""") -> 4
B8: 4 | C8: AS | E8: 6F | F8: 7C | I8: 6G | L8: =COUNTIFS(D8:K8,">""") -> 3
B9: 5 | C9: SN | E9: 6A | G9: 6C | K9: 8B | L9: =COUNTIFS(D9:K9,">""") -> 3
B10: 6 | C10: JU | F10: 9F | I10: 5A | L10: =COUNTIFS(D10:K10,">""") -> 2
B11: 7 | C11: SB | D11: 6C | F11: 4E | G11: 8F | J11: 10E | K11: 7B | L11: =COUNTIFS(D11:K11,">""") -> 5
B12: 8 | C12: KT | D12: 3B | F12: 7F | G12: 10H | J12: 9E | K12: 6B | L12: =COUNTIFS(D12:K12,">""") -> 5
B13: 9 | C13: TC | D13: 9C | F13: 6D | G13: 10BS | I13: 2C-Bhw | K13: 1A | L13: =COUNTIFS(D13:K13,">""") -> 5
B14: 10 | C14: MJH | D14: 9H | F14: 8E | G14: 10F | J14: 6F | K14: 2E | L14: =COUNTIFS(D14:K14,">""") -> 5
B15: 11 | C15: TJA | E15: 9D | I15: 1B | J15: 5C | L15: =COUNTIFS(D15:K15,">""") -> 3
B16: 12 | C16: ARB | D16: 10C | F16: 4A | I16: 8G | J16: 2G | L16: =COUNTIFS(D16:K16,">""") -> 4
B17: 13 | C17: UHP | D17: 8F | F17: 6E | G17: 5D | L17: =COUNTIFS(D17:K17,">""") -> 3
B18: 14 | C18: JHB | E18: 5B | G18: 5G | I18: 2F | K18: 7C | L18: =COUNTIFS(D18:K18,">""") -> 4
B19: 15 | C19: TS | E19: 3G | F19: 5E | I19: 2B | K19: 1D | L19: =COUNTIFS(D19:K19,">""") -> 4
B20: 16 | C20: MAI | D20: 7E | F20: 5F | I20: 1C | J20: 2C | L20: =COUNTIFS(D20:K20,">""") -> 4
A21: ENGLISH | B21: 1 | C21: BCB | D21: 10A | F21: 5B | I21: 7E | J21: 8C | L21: =COUNTIFS(D21:K21,">""") -> 4
B22: 2 | C22: KU | D22: 5E | F22: 6C | G22: 10C | J22: 8A | L22: =COUNTIFS(D22:K22,">""") -> 4
B23: 3 | C23: SHS | D23: 4D | E23: 6B | G23: 7F | I23: 9BS | K23: 9C | L23: =COUNTIFS(D23:K23,">""") -> 5
B24: 4 | C24: NH | D24: 6D | E24: 9A | G24: 5C | I24: 10B | L24: =COUNTIFS(D24:K24,">""") -> 4
B25: 5 | C25: SIS | D25: 7B | F25: 4G | J25: 6D | K25: 8F | L25: =COUNTIFS(D25:K25,">""") -> 4
B26: 6 | C26: MSI | D26: 4A | E26: 10F | I26: 6B | J26: 10H | L26: =COUNTIFS(D26:K26,">""") -> 4
B27: 7 | C27: MSH | D27: 5F | E27: 9F | G27: 7D | I27: 10E | K27: 6A | L27: =COUNTIFS(D27:K27,">""") -> 5
B28: 8 | C28: SJA | E28: 4C | G28: 9H | J28: 8F | K28: 6G | L28: =COUNTIFS(D28:K28,">""") -> 4
B29: 9 | C29: RS | D29: 7C | F29: 6G | G29: 8E | J29: 2B | L29: =COUNTIFS(D29:K29,">""") -> 4
B30: 10 | C30: ZK | D30: 8G | F30: 3C | G30: 6E | J30: 2A | K30: 7D | L30: =COUNTIFS(D30:K30,">""") -> 5
B31: 11 | C31: MAN | D31: 5D | E31: 3B | G31: 9E | J31: 10BS | L31: =COUNTIFS(D31:K31,">""") -> 4
B32: 12 | C32: MHM | D32: 8D | E32: 5G | G32: 3F | J32: 2D | L32: =COUNTIFS(D32:K32,">""") -> 4
B33: 13 | C33: RU | D33: 10D | E33: 5A | I33: 7G | K33: 1F | L33: =COUNTIFS(D33:K33,">""") -> 4
B34: 14 | C34: ISE | D34: 4E | F34: 8B | I34: 1D | K34: 6F | L34: =COUNTIFS(D34:K34,">""") -> 4
B35: 15 | C35: KMA | E35: 7G | G35: 3G | I35: 6C | K35: 2A-Ehw | L35: =COUNTIFS(D35:K35,">""") -> 4
B36: 16 | C36: KKR | E36: 3D | F36: 6F | J36: 2F | K36: 7A | L36: =COUNTIFS(D36:K36,">""") -> 4
A37: MATH | B37: 1 | C37: MFA | G37: 10A | L37: =COUNTIFS(D37:K37,">""") -> 1
B38: 2 | C38: MOH | D38: 10F | F38: 9H | I38: 9B | J38: 10A | L38: =COUNTIFS(D38:K38,">""") -> 4
B39: 3 | C39: NU | D39: 7A | F39: 9E | G39: 10B | J39: 10F | L39: =COUNTIFS(D39:K39,">""") -> 4
B40: 4 | C40: SR | D40: 9BS | F40: 8C | I40: 10C | K40: 9D | L40: =COUNTIFS(D40:K40,">""") -> 4
B41: 5 | C41: SAS | D41: 10BS | F41: 10C | I41: 9A | J41: 9C | L41: =COUNTIFS(D41:K41,">""") -> 4
B42: 6 | C42: MRU | D42: 4F | G42: 5A | I42: 8B | K42: 7G | L42: =COUNTIFS(D42:K42,">""") -> 4
B43: 7 | C43: MKH | D43: 10E | F43: 9A | I43: 9F | J43: 8D | L43: =COUNTIFS(D43:K43,">""") -> 4
B44: 8 | C44: MAH | E44: 3A | F44: 3D | I44: 2A | K44: 2D | L44: =COUNTIFS(D44:K44,">""") -> 4
B45: 9 | C45: AMR | E45: 5C | F45: 10D | I45: 8E | J45: 9B | L45: =COUNTIFS(D45:K45,">""") -> 4
B46: 10 | C46: MES | D46: 4B | F46: 5D | G46: 9F | J46: 7C | K46: 6E | L46: =COUNTIFS(D46:K46,">""") -> 5
B47: 11 | C47: MRE | D47: 8A | E47: 5F | G47: 7B | J47: 6G | L47: =COUNTIFS(D47:K47,">""") -> 4
B48: 12 | C48: MAF | D48: 5G | F48: 10H | G48: 6B | I48: 8F | K48: 1G | L48: =COUNTIFS(D48:K48,">""") -> 5
B49: 13 | C49: ZIK | D49: 9D | E49: 7F | I49: 5E | J49: 1E | L49: =COUNTIFS(D49:K49,">""") -> 4
B50: 14 | C50: MSF | E50: 8G | G50: 7E | I50: 6D | K50: 2G | L50: =COUNTIFS(D50:K50,">""") -> 4
B51: 15 | C51: NHS | D51: 6F | F51: 7D | K51: 1C | L51: =COUNTIFS(D51:K51,">""") -> 3
B52: 16 | C52: MKA | D52: 3F | F52: 3E | G52: 4E | I52: 1A | K52: 2C | L52: =COUNTIFS(D52:K52,">""") -> 5
A53: SCIENCE | B53: 1 | C53: SI | E53: 9B | G53: 7C | I53: 9D | L53: =COUNTIFS(D53:K53,">""") -> 3
A54: CHE | B54: 2 | C54: FA | D54: 9E | F54: 10F | J54: 5G | L54: =COUNTIFS(D54:K54,">""") -> 3
B55: 3 | C55: MHn | D55: 10B | E55: 4F | G55: 8D | I55: 9C | L55: =COUNTIFS(D55:K55,">""") -> 4
B56: 4 | C56: AAM | D56: 3D | F56: 8F | G56: 10D | J56: 5B | L56: =COUNTIFS(D56:K56,">""") -> 4
A57: PHY | B57: 5 | C57: MZ | E57: 5D | G57: 7A | I57: 10A | K57: 9H | L57: =COUNTIFS(D57:K57,">""") -> 4
B58: 6 | C58: MTA | E58: 3F | F58: 9B | I58: 10F | J58: 7E | L58: =COUNTIFS(D58:K58,">""") -> 4
B59: 7 | C59: ABS | D59: 8C | F59: 9C | G59: 9A | J59: 7B | L59: =COUNTIFS(D59:K59,">""") -> 4
B60: 8 | C60: MOR | D60: 3E | E60: 4D | G60: 7G | J60: 9F | K60: 6D | L60: =COUNTIFS(D60:K60,">""") -> 5
B61: 9 | C61: TBZ | E61: 6E | G61: 5F | I61: 7D | J61: 8E | L61: =COUNTIFS(D61:K61,">""") -> 4
B62: 10 | C62: MHS | D62: 3C | F62: 5A | G62: 8G | J62: 10C | L62: =COUNTIFS(D62:K62,">""") -> 4
A63: BIO | B63: 11 | C63: SY | D63: 10H | E63: 5E | I63: 8A | K63: 9F | L63: =COUNTIFS(D63:K63,">""") -> 4
B64: 12 | C64: AAF | D64: 6G | G64: 10E | I64: 6A | K64: 9A | L64: =COUNTIFS(D64:K64,">""") -> 4
B65: 13 | C65: MHB | D65: 7F | F65: 3G | I65: 8C | J65: 9D | L65: =COUNTIFS(D65:K65,">""") -> 4
B66: 14 | C66: NJM | D66: 3A | F66: 5C | G66: 6F | J66: 8B | L66: =COUNTIFS(D66:K66,">""") -> 4
A67: BGS | B67: 1 | C67: JB | E67: 9C | F67: 6B-Cre | I67: 7B | K67: 8C | L67: =COUNTIFS(D67:K67,">""") -> 4
B68: 2 | C68: DT | E68: 9H | F68: 9D | I68: 10H | K68: 10A | L68: =COUNTIFS(D68:K68,">""") -> 4
B69: 3 | C69: MMH | I69: 9H | L69: =COUNTIFS(D69:K69,">""") -> 1
B70: 4 | C70: DN | D70: 7D | F70: 4C | G70: 5B | J70: 6C | K70: 8G | L70: =COUNTIFS(D70:K70,">""") -> 5
B71: 5 | C71: US | E71: 7A | F71: 4F | I71: 5F | J71: 10B | L71: =COUNTIFS(D71:K71,">""") -> 4
B72: 6 | C72: MAK | D72: 9A | E72: 4A | I72: 5G | J72: 10D | L72: =COUNTIFS(D72:K72,">""") -> 4
B73: 7 | C73: AMS | D73: 5A | E73: 9H | G73: 8B | K73: 10E | L73: =COUNTIFS(D73:K73,">""") -> 4
B74: 8 | C74: NS | E74: 4G | G74: 5E | I74: 10H | K74: 9B | L74: =COUNTIFS(D74:K74,">""") -> 4
B75: 9 | C75: MK | D75: 6E | E75: 7C | G75: 3B | I75: 5D | L75: =COUNTIFS(D75:K75,">""") -> 4
B76: 10 | C76: MS | D76: 5C | F76: 4D | G76: 3E | K76: 8E | L76: =COUNTIFS(D76:K76,">""") -> 4
A77: RME | B77: 1 | C77: MH | E77: 10D | G77: 9C | I77: 7A | K77: 10H | L77: =COUNTIFS(D77:K77,">""") -> 4
B78: 2 | C78: AU | E78: 8E | G78: 4C | I78: 5B | K78: 10F | L78: =COUNTIFS(D78:K78,">""") -> 4
B79: 3 | C79: AA | E79: 8C | F79: 10B | I79: 9E | J79: 5D | L79: =COUNTIFS(D79:K79,">""") -> 4
B80: 4 | C80: MRR | D80: 9F | E80: 10E | G80: 3D | I80: 5C | J80: 6E | L80: =COUNTIFS(D80:K80,">""") -> 5
B81: 5 | C81: JA | D81: 8B | E81: 10C | G81: 9D | J81: 5A | L81: =COUNTIFS(D81:K81,">""") -> 4
B82: 6 | C82: MAA | D82: 4G | F82: 10A | G82: 9B | J82: 5E | L82: =COUNTIFS(D82:K82,">""") -> 4
B83: 7 | C83: SBK | E83: 7E | F83: 5G | I83: 8D | K83: 6C | L83: =COUNTIFS(D83:K83,">""") -> 4
B84: 8 | C84: MSR | D84: 7G | E84: 9BS | G84: 3C | J84: 5F | L84: =COUNTIFS(D84:K84,">""") -> 4
B85: 9 | C85: MAR | E85: 7D | F85: 3A | I85: 6F | J85: 8G | L85: =COUNTIFS(D85:K85,">""") -> 4
B86: 10 | C86: DC | D86: 8B | F86: 10B | G86: 9B | I86: 5B | L86: =COUNTIFS(D86:K86,">""") -> 4
A87: ICT | B87: 1 | C87: MCB | E87: 9E | G87: 6A | K87: 10BS | L87: =COUNTIFS(D87:K87,">""") -> 3
B88: 2 | C88: AHC | E88: 8F | F88: 10E | I88: 7C | K88: 10B | L88: =COUNTIFS(D88:K88,">""") -> 4
B89: 3 | C89: NN | D89: 8E | E89: 8B | G89: 6G | J89: 7G | K89: 10D | L89: =COUNTIFS(D89:K89,">""") -> 5
B90: 4 | C90: NM | E90: 8A | G90: 9BS | J90: 6B | K90: 10C | L90: =COUNTIFS(D90:K90,">""") -> 4
A91: LL | B91: 1 | C91: MM | D91: 5B | F91: 10BS | I91: 10BS | K91: 9BS | L91: =COUNTIFS(D91:K91,">""") -> 4
B92: 2 | C92: JS | D92: 6A+B | I92: 1F | J92: 9BS+H | L92: =COUNTIFS(D92:K92,">""") -> 3
B93: 3 | C93: SHr | E93: 10BS+ H | F93: 7A+B | K93: 7E+F | L93: =COUNTIFS(D93:K93,">""") -> 3
B94: 4 | C94: MU | E94: 3C | G94: 6D | I94: 7F | K94: 8A | L94: =COUNTIFS(D94:K94,">""") -> 4
B95: 5 | C95: FTJ | E95: 4E | F95: 6A | I95: 1E | J95: 1F | L95: =COUNTIFS(D95:K95,">""") -> 4
A96: HP | B96: 1 | C96: ZF | F96: 7A+B | G96: 4F | J96: 9BS+H | K96: 7E+F | L96: =COUNTIFS(D96:K96,">""") -> 4
B97: 2 | C97: KKZ | E97: 6C | F97: 7G | J97: 7A | L97: =COUNTIFS(D97:K97,">""") -> 3
B98: 3 | C98: BU | E98: 7B | K98: 9E | L98: =COUNTIFS(D98:K98,">""") -> 2
B99: 4 | C99: SOB | F99: 8D | J99: 7F | K99: 1E | L99: =COUNTIFS(D99:K99,">""") -> 3
B100: 5 | C100: DSL | D100: 6A+B | E100: 10BS+H | G100: 4G | J100: 1B | L100: =COUNTIFS(D100:K100,">""") -> 4
...

Sheet Mon
A1: CLASS ROUTINE (SCHOOL) - 2026
A2: MONDAY
A3: SUB | B3: SL | C3: NAME | D3: IST | E3: 2ND | F3: 3RD | G3: 4TH | I3: 5TH | J3: 6TH | K3: 7TH | L3: Total
A4: SUB | B4: SL | C4: NAME | D4: 08.20-09.05 | E4: 09.05-09.45 | F4: 09.45-10.25 | G4: 10.25-11.05 | I4: 11.40-12.25 | J4: 12.25-13.05 | K4: 13.05-13:45
A5: BANGLA | B5: 1 | C5: NA | F5: 10B | G5: 9B | J5: 9F | L5: =COUNTIFS(D5:K5,">""") -> 3
B6: 2 | C6: GA | D6: 7D | F6: 10E | I6: 7F | J6: 9B | L6: =COUNTIFS(D6:K6,">""") -> 4
B7: 3 | C7: MR | D7: 6G | E7: 6B | I7: 7B | J7: 9BS | L7: =COUNTIFS(D7:K7,">""") -> 4
B8: 4 | C8: AS | E8: 10D | G8: 9A | I8: 8D | K8: 8E | L8: =COUNTIFS(D8:K8,">""") -> 4
B9: 5 | C9: SN | D9: 8C | E9: 10F | G9: 7A | J9: 6C | L9: =COUNTIFS(D9:K9,">""") -> 4
B10: 6 | C10: JU | F10: 5F | G10: 10A | J10: 8B | L10: =COUNTIFS(D10:K10,">""") -> 3
B11: 7 | C11: SB | E11: 7B | F11: 6C | I11: 2D | J11: 9C | L11: =COUNTIFS(D11:K11,">""") -> 4
B12: 8 | C12: KT | E12: 4C | G12: 3B | I12: 8G | K12: 6B | L12: =COUNTIFS(D12:K12,">""") -> 4
B13: 9 | C13: TC | E13: 4G | F13: 7E | I13: 8A | K13: 6D | L13: =COUNTIFS(D13:K13,">""") -> 4
B14: 10 | C14: MJH | E14: 8E | F14: 6F | J14: 5B | L14: =COUNTIFS(D14:K14,">""") -> 3
B15: 11 | C15: TJA | D15: 10BS | E15: 5E | G15: 3E | I15: 2A | K15: 7G | L15: =COUNTIFS(D15:K15,">""") -> 5
B16: 12 | C16: ARB | E16: 3F | F16: 9E | I16: 7A | J16: 6D | L16: =COUNTIFS(D16:K16,">""") -> 4
B17: 13 | C17: UHP | E17: 3A | F17: 4F | I17: 5D | J17: 10C | L17: =COUNTIFS(D17:K17,">""") -> 4
B18: 14 | C18: JHB | E18: 3C | F18: 4A | I18: 5G | K18: 10H | L18: =COUNTIFS(D18:K18,">""") -> 4
B19: 15 | C19: TS | D19: 4D | F19: 7G | G19: 5C | I19: 1D | L19: =COUNTIFS(D19:K19,">""") -> 4
B20: 16 | C20: MAI | D20: 3D | F20: 5A | I20: 1C | J20: 2E | L20: =COUNTIFS(D20:K20,">""") -> 4
A21: ENGLISH | B21: 1 | C21: BCB | D21: 5B | E21: 9E | I21: 6A | L21: =COUNTIFS(D21:K21,">""") -> 3
B22: 2 | C22: KU | E22: 9H | G22: 6C | I22: 10BS | K22: 9B | L22: =COUNTIFS(D22:K22,">""") -> 4
B23: 3 | C23: SHS | D23: 8A | E23: 10E | I23: 5E | L23: =COUNTIFS(D23:K23,">""") -> 3
B24: 4 | C24: NH | D24: 8B | F24: 7C | G24: 6D | J24: 5C | L24: =COUNTIFS(D24:K24,">""") -> 4
B25: 5 | C25: SIS | D25: 8F | F25: 10C | I25: 2B-Ehw | J25: 5A | L25: =COUNTIFS(D25:K25,">""") -> 4
B26: 6 | C26: MSI | E26: 3E | F26: 6B | J26: 1B-Ehw | K26: 8D | L26: =COUNTIFS(D26:K26,">""") -> 4
B27: 7 | C27: MSH | D27: 6A | E27: 7D | J27: 5F | K27: 2E | L27: =COUNTIFS(D27:K27,">""") -> 4
B28: 8 | C28: SJA | E28: 8F | G28: 4C | I28: 2C | K28: 6G | L28: =COUNTIFS(D28:K28,">""") -> 4
B29: 9 | C29: RS | D29: 10F | F29: 3A | G29: 5D | I29: 7C | K29: 9D | L29: =COUNTIFS(D29:K29,">""") -> 5
B30: 10 | C30: ZK | D30: 9F | E30: 10A | G30: 3C | J30: 2G | L30: =COUNTIFS(D30:K30,">""") -> 4
B31: 11 | C31: MAN | D31: 7B | F31: 6E | I31: 1A | K31: 2F-Ehw | L31: =COUNTIFS(D31:K31,">""") -> 4
B32: 12 | C32: MHM | D32: 5G | F32: 10H | G32: 8D | J32: 7F | L32: =COUNTIFS(D32:K32,">""") -> 4
B33: 13 | C33: RU | E33: 4F | F33: 10D | I33: 9C | J33: 2D-Ehw | L33: =COUNTIFS(D33:K33,">""") -> 4
B34: 14 | C34: ISE | D34: 9A | F34: 4E | G34: 7E | I34: 10D | K34: 2C-Ehw | L34: =COUNTIFS(D34:K34,">""") -> 5
B35: 15 | C35: KMA | D35: 4B | F35: 8E | I35: 2G | K35: 1C | L35: =COUNTIFS(D35:K35,">""") -> 4
B36: 16 | C36: KKR | D36: 8G | F36: 7A | I36: 1G | K36: 6F | L36: =COUNTIFS(D36:K36,">""") -> 4
A37: MATH | B37: 1 | C37: MFA | G37: 1OE | L37: =COUNTIFS(D37:K37,">""") -> 1
B38: 2 | C38: MOH | D38: 9H | F38: 10F | I38: 8C | J38: 7G | L38: =COUNTIFS(D38:K38,">""") -> 4
B39: 3 | C39: NU | D39: 9E | E39: 10B | G39: 9C | L39: =COUNTIFS(D39:K39,">""") -> 3
B40: 4 | C40: SR | D40: 10D | F40: 9D | I40: 9BS | K40: 10C | L40: =COUNTIFS(D40:K40,">""") -> 4
B41: 5 | C41: SAS | E41: 10BS | F41: 7F | I41: 8B | J41: 6A | L41: =COUNTIFS(D41:K41,">""") -> 4
B42: 6 | C42: MRU | D42: 3B | G42: 9E | I42: 5A | K42: 6C | L42: =COUNTIFS(D42:K42,">""") -> 4
B43: 7 | C43: MKH | E43: 9A | G43: 10B | J43: 8D | K43: 10E | L43: =COUNTIFS(D43:K43,">""") -> 4
B44: 8 | C44: MAH | E44: 3D | G44: 4G | I44: 1F | J44: 2A | L44: =COUNTIFS(D44:K44,">""") -> 4
B45: 9 | C45: AMR | D45: 5C | F45: 9B | G45: 8E | J45: 10D | L45: =COUNTIFS(D45:K45,">""") -> 4
B46: 10 | C46: MES | D46: 5D | F46: 8A | G46: 4B | J46: 10A | K46: 7C | L46: =COUNTIFS(D46:K46,">""") -> 5
B47: 11 | C47: MRE | E47: 9F | G47: 6G | I47: 5F | J47: 2B | L47: =COUNTIFS(D47:K47,">""") -> 4
B48: 12 | C48: MAF | D48: 3C | E48: 5G | G48: 10H | I48: 6B | K48: 1G | L48: =COUNTIFS(D48:K48,">""") -> 5
B49: 13 | C49: ZIK | D49: 4C | F49: 5E | G49: 9D | I49: 2F | L49: =COUNTIFS(D49:K49,">""") -> 4
B50: 14 | C50: MSF | D50: 6D | E50: 4D | G50: 8G | I50: 7E | K50: 1D | L50: =COUNTIFS(D50:K50,">""") -> 5
B51: 15 | C51: NHS | D51: 4A | F51: 7D | I51: 2E | J51: 6F | L51: =COUNTIFS(D51:K51,">""") -> 4
B52: 16 | C52: MKA | D52: 4E | F52: 3G | I52: 1B | K52: 1A | L52: =COUNTIFS(D52:K52,">""") -> 4
A53: SCIENCE | B53: 1 | C53: SI | D53: 9B | E53: 9D | G53: 8B | I53: 10E | L53: =COUNTIFS(D53:K53,">""") -> 4
A54: CHE | B54: 2 | C54: FA | E54: 6C | G54: 9F | J54: 7B | K54: 10F | L54: =COUNTIFS(D54:K54,">""") -> 4
B55: 3 | C55: MHn | D55: 10A | F55: 5D | J55: 6G | K55: 9C | L55: =COUNTIFS(D55:K55,">""") -> 4
B56: 4 | C56: AAM | D56: 6F | F56: 4C | G56: 7G | J56: 9A | L56: =COUNTIFS(D56:K56,">""") -> 4
A57: PHY | B57: 5 | C57: MZ | D57: 9D | G57: 7F | J57: 7A | L57: =COUNTIFS(D57:K57,">""") -> 3
B58: 6 | C58: MTA | D58: 6B | F58: 5G | I58: 9B | J58: 7E | L58: =COUNTIFS(D58:K58,">""") -> 4
B59: 7 | C59: ABS | D59: 10E | F59: 4G | G59: 8C | K59: 10D | L59: =COUNTIFS(D59:K59,">""") -> 4
B60: 8 | C60: MOR | D60: 10B | F60: 4D | G60: 8F | K60: 10BS | L60: =COUNTIFS(D60:K60,">""") -> 4
B61: 9 | C61: TBZ | D61: 5F | E61: 3B | G61: 4A | I61: 9E | K61: 6E | L61: =COUNTIFS(D61:K61,">""") -> 5
B62: 10 | C62: MHS | D62: 5A | E62: 9BS | G62: 4E | I62: 10C | L62: =COUNTIFS(D62:K62,">""") -> 4
A63: BIO | B63: 11 | C63: SY | D63: 8D | E63: 9B | G63: 10D | J63: 5E | L63: =COUNTIFS(D63:K63,">""") -> 4
B64: 12 | C64: AAF | E64: 8G | F64: 6A | I64: 7D | J64: 10B | L64: =COUNTIFS(D64:K64,">""") -> 4
B65: 13 | C65: MHB | D65: 10C | E65: 3G | I65: 10F | K65: 9E | L65: =COUNTIFS(D65:K65,">""") -> 4
B66: 14 | C66: NJM | D66: 9C | E66: 5C | G66: 7C | K66: 10A | L66: =COUNTIFS(D66:K66,">""") -> 4
A67: BGS | B67: 1 | C67: JB | D67: 10H | E67: 10C | G67: 7B | J67: 9H | L67: =COUNTIFS(D67:K67,">""") -> 4
B68: 2 | C68: DT | E68: 8D | G68: 6B | I68: 10H | K68: 9H | L68: =COUNTIFS(D68:K68,">""") -> 4
B69: 3 | C69: MMH | E69: 10H | L69: =COUNTIFS(D69:K69,">""") -> 1
B70: 4 | C70: DN | D70: 3A | F70: 8G | I70: 5B | J70: 7D | L70: =COUNTIFS(D70:K70,">""") -> 4
B71: 5 | C71: US | E71: 5F | G71: 6A | I71: 9F | K71: 10B | L71: =COUNTIFS(D71:K71,">""") -> 4
B72: 6 | C72: MAK | F72: 8F | G72: 5G | I72: 6D | K72: 9A | L72: =COUNTIFS(D72:K72,">""") -> 4
B73: 7 | C73: AMS | D73: 7E | E73: 8B | G73: 5A | J73: 10E | K73: 9H | L73: =COUNTIFS(D73:K73,">""") -> 5
B74: 8 | C74: NS | D74: 5E | E74: 7G | I74: 10H | J74: 8A | L74: =COUNTIFS(D74:K74,">""") -> 4
B75: 9 | C75: MK | D75: 7C | E75: 5D | G75: 6F | I75: 6E | L75: =COUNTIFS(D75:K75,">""") -> 4
B76: 10 | C76: MS | D76: 8E | F76: 5C | G76: 10F | J76: 9E | L76: =COUNTIFS(D76:K76,">""") -> 4
A77: RME | B77: 1 | C77: MH | D77: 7A | F77: 6G | G77: 4D | J77: 8F | L77: =COUNTIFS(D77:K77,">""") -> 4
B78: 2 | C78: AU | E78: 5B | I78: 9A | J78: 7C | L78: =COUNTIFS(D78:K78,">""") -> 3
B79: 3 | C79: AA | E79: 4A | F79: 7B | J79: 5D | K79: 8C | L79: =COUNTIFS(D79:K79,">""") -> 4
B80: 4 | C80: MRR | E80: 6E | G80: 8A | I80: 5C | K80: 9F | L80: =COUNTIFS(D80:K80,">""") -> 4
B81: 5 | C81: JA | D81: 7F | E81: 5A | G81: 10C | K81: 8B | L81: =COUNTIFS(D81:K81,">""") -> 4
B82: 6 | C82: MAA | D82: 3E | F82: 3B | G82: 5E | I82: 10A | K82: 6A | L82: =COUNTIFS(D82:K82,">""") -> 5
B83: 7 | C83: SBK | D83: 6C | F83: 10BS | G83: 4F | J83: 5G | L83: =COUNTIFS(D83:K83,">""") -> 4
B84: 8 | C84: MSR | D84: 3G | G84: 5F | I84: 7G | J84: 6B | L84: =COUNTIFS(D84:K84,">""") -> 4
B85: 9 | C85: MAR | E85: 4B | F85: 3F | I85: 9H | K85: 7D | L85: =COUNTIFS(D85:K85,">""") -> 4
B86: 10 | C86: DC | E86: 4B | F86: 3B | J86: 6B | K86: 8B | L86: =COUNTIFS(D86:K86,">""") -> 4
A87: ICT | B87: 1 | C87: MCB | E87: 7A | F87: 10A | K87: 7E | L87: =COUNTIFS(D87:K87,">""") -> 3
B88: 2 | C88: AHC | D88: 6E | F88: 9A | G88: 9H | I88: 6C | J88: 8G | L88: =COUNTIFS(D88:K88,">""") -> 5
B89: 3 | C89: NN | E89: 9C | F89: 9F | I89: 6F | J89: 10H | L89: =COUNTIFS(D89:K89,">""") -> 4
B90: 4 | C90: NM | E90: 6D | F90: 8D | I90: 9D | J90: 10F | L90: =COUNTIFS(D90:K90,">""") -> 4
A91: LL | B91: 1 | C91: MM | F91: 5B | G91: 9BS | J91: 10BS | K91: 9BS | L91: =COUNTIFS(D91:K91,">""") -> 4
B92: 2 | C92: JS | D92: 7G | E92: 6G | I92: 1E | K92: 1F | L92: =COUNTIFS(D92:K92,">""") -> 4
B93: 3 | C93: SHr | D93: 3F-BGS | F93: 3D-BGS | I93: 8E+F | K93: 7A+B | L93: =COUNTIFS(D93:K93,">""") -> 4
B94: 4 | C94: MU | E94: 7CLIB | F94: 4B-BGS | J94: 8C | K94: 7F | L94: =COUNTIFS(D94:K94,">""") -> 4
B95: 5 | C95: FTJ | F95: 8B | G95: 3D-PEd | J95: 8E | K95: 8G | L95: =COUNTIFS(D95:K95,">""") -> 4
A96: HP | B96: 1 | C96: ZF | E96: 6A | F96: 3E-Ped | I96: 8E+F | K96: 7A+B | L96: =COUNTIFS(D96:K96,">""") -> 4
B97: 2 | C97: KKZ | F97: 9H | G97: 3A | J97: 9D | K97: 2B | L97: =COUNTIFS(D97:K97,">""") -> 4
B98: 3 | C98: BU | F98: 9C | G98: 3F | J98: 1D | L98: =COUNTIFS(D98:K98,">""") -> 3
B99: 4 | C99: SOB | E99: 8A | F99: 9BS | I99: 10B | J99: 1A | L99: =COUNTIFS(D99:K99,">""") -> 4
B100: 5 | C100: DSL | D100: 7G | G100: 5B | J100: 1G | K100: 1B | L100: =COUNTIFS(D100:K100,">""") -> 4
...

Sheet Tues
A1: CLASS ROUTINE (SCHOOL) - 2026
A2: TUESDAY
A3: SUB | B3: SL | C3: NAME | D3: IST | E3: 2ND | F3: 3RD | G3: 4TH | I3: 5TH | J3: 6TH | K3: 7TH | L3: Total
A4: SUB | B4: SL | C4: NAME | D4: 08.20-09.05 | E4: 09.05-09.45 | F4: 09.45-10.25 | G4: 10.25-11.05 | I4: 11.40-12.25 | J4: 12.25-13.05 | K4: 13.05-13:45
A5: BANGLA | B5: 1 | C5: NA | F5: 8C | I5: 7D | J5: 1OA | L5: =COUNTIFS(D5:K5,">""") -> 3
B6: 2 | C6: GA | D6: 7F | E6: 6E | G6: 10B | K6: 8A | L6: =COUNTIFS(D6:K6,">""") -> 4
B7: 3 | C7: MR | D7: 8D | F7: 9A | G7: 7B | I7: 6B | L7: =COUNTIFS(D7:K7,">""") -> 4
B8: 4 | C8: AS | D8: 6F | F8: 8E | I8: 6G | K8: 7C | L8: =COUNTIFS(D8:K8,">""") -> 4
B9: 5 | C9: SN | D9: 9D | F9: 8B | G9: 7A | I9: 6A | L9: =COUNTIFS(D9:K9,">""") -> 4
B10: 6 | C10: JU | E10: 9H | F10: 9F | J10: 8B | L10: =COUNTIFS(D10:K10,">""") -> 3
B11: 7 | C11: SB | E11: 4E | F11: 9C | I11: 10E | J11: 8F | L11: =COUNTIFS(D11:K11,">""") -> 4
B12: 8 | C12: KT | E12: 3B | G12: 10H | J12: 9E | K12: 7F | L12: =COUNTIFS(D12:K12,">""") -> 4
B13: 9 | C13: TC | D13: 7E | F13: 4G | I13: 1A | J13: 10BS | L13: =COUNTIFS(D13:K13,">""") -> 4
B14: 10 | C14: MJH | D14: 10F | F14: 5B | I14: 2E | J14: 5G | L14: =COUNTIFS(D14:K14,">""") -> 4
B15: 11 | C15: TJA | D15: 3E | F15: 5C | J15: 1B | K15: 2A | L15: =COUNTIFS(D15:K15,">""") -> 4
B16: 12 | C16: ARB | D16: 3F | E16: 10C | G16: 6D | J16: 2G | K16: 8G | L16: =COUNTIFS(D16:K16,">""") -> 5
B17: 13 | C17: UHP | D17: 5D | F17: 4F | G17: 3A | I17: 9BS | K17: 6E | L17: =COUNTIFS(D17:K17,">""") -> 5
B18: 14 | C18: JHB | D18: 4A | E18: 6A | G18: 3C | J18: 2F | L18: =COUNTIFS(D18:K18,">""") -> 4
B19: 15 | C19: TS | D19: 5E | F19: 3G | I19: 2B | K19: 7G | L19: =COUNTIFS(D19:K19,">""") -> 4
B20: 16 | C20: MAI | E20: 5A | F20: 4B | J20: 5F | K20: 2C | L20: =COUNTIFS(D20:K20,">""") -> 4
A21: ENGLISH | B21: 1 | C21: BCB | D21: 10A | G21: 5B | J21: 8C | K21: 9E | L21: =COUNTIFS(D21:K21,">""") -> 4
B22: 2 | C22: KU | D22: 8A | F22: 10C | G22: 5E | K22: 10BS | L22: =COUNTIFS(D22:K22,">""") -> 4
B23: 3 | C23: SHS | E23: 4D | F23: 7F | J23: 9BS | K23: 6B | L23: =COUNTIFS(D23:K23,">""") -> 4
B24: 4 | C24: NH | D24: 5C | F24: 10B | G24: 7C | K24: 8B | L24: =COUNTIFS(D24:K24,">""") -> 4
B25: 5 | C25: SIS | D25: 4G | F25: 7B | G25: 5A | J25: 9B | L25: =COUNTIFS(D25:K25,">""") -> 4
B26: 6 | C26: MSI | E26: 4A | G26: 9D | I26: 10F | K26: 8D | L26: =COUNTIFS(D26:K26,">""") -> 4
B27: 7 | C27: MSH | E27: 5F | G27: 10E | J27: 9F | L27: =COUNTIFS(D27:K27,">""") -> 3
B28: 8 | C28: SJA | D28: 9H | E28: 8F | I28: 7A | J28: 10B | L28: =COUNTIFS(D28:K28,">""") -> 4
B29: 9 | C29: RS | E29: 3A | G29: 6G | J29: 8E | K29: 2B | L29: =COUNTIFS(D29:K29,">""") -> 4
B30: 10 | C30: ZK | D30: 7D | F30: 8G | G30: 6E | I30: 2A | K30: 10A | L30: =COUNTIFS(D30:K30,">""") -> 5
B31: 11 | C31: MAN | D31: 3B | F31: 9E | G31: 5D | J31: 1A | L31: =COUNTIFS(D31:K31,">""") -> 4
B32: 12 | C32: MHM | D32: 10H | E32: 3F | G32: 7F | I32: 5G | K32: 2D | L32: =COUNTIFS(D32:K32,">""") -> 5
B33: 13 | C33: RU | D33: 8C | E33: 7G | I33: 1F | K33: 9C | L33: =COUNTIFS(D33:K33,">""") -> 4
B34: 14 | C34: ISE | E34: 8B | G34: 9A | I34: 1D | J34: 7E | L34: =COUNTIFS(D34:K34,">""") -> 4
B35: 15 | C35: KMA | E35: 4B | G35: 6C | I35: 7G | K35: 8E | L35: =COUNTIFS(D35:K35,">""") -> 4
B36: 16 | C36: KKR | D36: 7A | F36: 3D | G36: 6F | J36: 1G | L36: =COUNTIFS(D36:K36,">""") -> 4
A37: MATH | B37: 1 | C37: MFA | G37: 10A | L37: =COUNTIFS(D37:K37,">""") -> 1
B38: 2 | C38: MOH | E38: 10A | F38: 9B | I38: 9H | L38: =COUNTIFS(D38:K38,">""") -> 3
B39: 3 | C39: NU | D39: 10B | F39: 10F | G39: 8G | J39: 7A | L39: =COUNTIFS(D39:K39,">""") -> 4
B40: 4 | C40: SR | D40: 9BS | E40: 10D | I40: 9D | K40: 6A | L40: =COUNTIFS(D40:K40,">""") -> 4
B41: 5 | C41: SAS | D41: 9C | E41: 9A | G41: 8B | I41: 10C | L41: =COUNTIFS(D41:K41,">""") -> 4
B42: 6 | C42: MRU | D42: 5A | G42: 3B | I42: 9E | L42: =COUNTIFS(D42:K42,">""") -> 3
B43: 7 | C43: MKH | D43: 10E | E43: 8D | I43: 9F | J43: 6C | L43: =COUNTIFS(D43:K43,">""") -> 4
B44: 8 | C44: MAH | D44: 3C | F44: 3A | I44: 2D | K44: 1F | L44: =COUNTIFS(D44:K44,">""") -> 4
B45: 9 | C45: AMR | D45: 8E | E45: 5C | G45: 4F | J45: 6E | L45: =COUNTIFS(D45:K45,">""") -> 4
B46: 10 | C46: MES | D46: 9F | E46: 8A | I46: 5D | J46: 7C | L46: =COUNTIFS(D46:K46,">""") -> 4
B47: 11 | C47: MRE | F47: 5F | I47: 7B | J47: 6G | L47: =COUNTIFS(D47:K47,">""") -> 3
B48: 12 | C48: MAF | D48: 5G | E48: 10H | G48: 6B | I48: 8F | L48: =COUNTIFS(D48:K48,">""") -> 4
B49: 13 | C49: ZIK | E49: 5E | G49: 4C | I49: 1E | K49: 2F | L49: =COUNTIFS(D49:K49,">""") -> 4
B50: 14 | C50: MSF | D50: 4D | E50: 9D | G50: 7E | K50: 1D | L50: =COUNTIFS(D50:K50,">""") -> 4
B51: 15 | C51: NHS | E51: 6D | F51: 6F | I51: 1C | J51: 2E | L51: =COUNTIFS(D51:K51,">""") -> 4
B52: 16 | C52: MKA | D52: 3G | F52: 3E | I52: 1B | J52: 2C | L52: =COUNTIFS(D52:K52,">""") -> 4
A53: SCIENCE | B53: 1 | C53: SI | D53: 10C | E53: 9B | G53: 5F | I53: 7C | L53: =COUNTIFS(D53:K53,">""") -> 4
A54: CHE | B54: 2 | C54: FA | D54: 6C | E54: 9E | G54: 8E | J54: 7B | L54: =COUNTIFS(D54:K54,">""") -> 4
B55: 3 | C55: MHn | D55: 4F | F55: 6G | J55: 8D | L55: =COUNTIFS(D55:K55,">""") -> 3
B56: 4 | C56: AAM | E56: 3D | G56: 10D | J56: 6F | K56: 8F | L56: =COUNTIFS(D56:K56,">""") -> 4
A57: PHY | B57: 5 | C57: MZ | E57: 5D | F57: 9D | I57: 10A | J57: 9H | L57: =COUNTIFS(D57:K57,">""") -> 4
B58: 6 | C58: MTA | E58: 5G | G58: 3F | J58: 10F | K58: 9B | L58: =COUNTIFS(D58:K58,">""") -> 4
B59: 7 | C59: ABS | D59: 9A | F59: 10D | I59: 9C | J59: 10E | L59: =COUNTIFS(D59:K59,">""") -> 4
B60: 8 | C60: MOR | D60: 6D | E60: 9F | G60: 3E | I60: 10B | L60: =COUNTIFS(D60:K60,">""") -> 4
B61: 9 | C61: TBZ | D61: 6E | E61: 6B | G61: 9E | J61: 7D | L61: =COUNTIFS(D61:K61,">""") -> 4
B62: 10 | C62: MHS | D62: 4B | G62: 4E | I62: 5A | K62: 1C-BHw | L62: =COUNTIFS(D62:K62,">""") -> 4
A63: BIO | B63: 11 | C63: SY | D63: 10D | F63: 5E | G63: 8A | L63: =COUNTIFS(D63:K63,">""") -> 3
B64: 12 | C64: AAF | D64: 8G | E64: 10B | I64: 9A | K64: 10E | L64: =COUNTIFS(D64:K64,">""") -> 4
B65: 13 | C65: MHB | E65: 10F | G65: 7G | I65: 7F | K65: 10C | L65: =COUNTIFS(D65:K65,">""") -> 4
B66: 14 | C66: NJM | E66: 9C | I66: 8B | J66: 5C | L66: =COUNTIFS(D66:K66,">""") -> 3
A67: BGS | B67: 1 | C67: JB | E67: 8C | G67: 9C | J67: 10C | K67: 7B | L67: =COUNTIFS(D67:K67,">""") -> 4
B68: 2 | C68: DT | D68: 4C | F68: 10A | G68: 8D | J68: 9D | L68: =COUNTIFS(D68:K68,">""") -> 4
B69: 3 | C69: MMH | F69: 10H | G69: 9H | L69: =COUNTIFS(D69:K69,">""") -> 2
B70: 4 | C70: DN | E70: 5B | I70: 6C | J70: 8G | L70: =COUNTIFS(D70:K70,">""") -> 3
B71: 5 | C71: US | E71: 4F | F71: 7A | I71: 5F | K71: 9F | L71: =COUNTIFS(D71:K71,">""") -> 4
B72: 6 | C72: MAK | D72: 8F | F72: 4A | G72: 5G | J72: 6D | L72: =COUNTIFS(D72:K72,">""") -> 4
B73: 7 | C73: AMS | D73: 8B | F73: 7E | J73: 5A | K73: 6G | L73: =COUNTIFS(D73:K73,">""") -> 4
B74: 8 | C74: NS | D74: 9B | F74: 8A | G74: 4G | J74: 5E | L74: =COUNTIFS(D74:K74,">""") -> 4
B75: 9 | C75: MK | D75: 4E | F75: 3B | I75: 6F | J75: 5D | L75: =COUNTIFS(D75:K75,">""") -> 4
B76: 10 | C76: MS | E76: 3E | G76: 4D | I76: 5C | K76: 10F | L76: =COUNTIFS(D76:K76,">""") -> 4
A77: RME | B77: 1 | C77: MH | E77: 6G | F77: 8F | J77: 10D | K77: 10H | L77: =COUNTIFS(D77:K77,">""") -> 4
B78: 2 | C78: AU | D78: 7C | E78: 4C | G78: 10F | I78: 8E | J78: 5B | L78: =COUNTIFS(D78:K78,">""") -> 5
B79: 3 | C79: AA | D79: 7B | F79: 5D | K79: 10B | L79: =COUNTIFS(D79:K79,">""") -> 3
B80: 4 | C80: MRR | D80: 3D | F80: 10E | G80: 5C | J80: 8A | L80: =COUNTIFS(D80:K80,">""") -> 4
B81: 5 | C81: JA | E81: 7F | F81: 5A | I81: 6D | K81: 9D | L81: =COUNTIFS(D81:K81,">""") -> 4
B82: 6 | C82: MAA | E82: 4G | G82: 9B | I82: 5E | J82: 6A | L82: =COUNTIFS(D82:K82,">""") -> 4
B83: 7 | C83: SBK | F83: 5G | G83: 10BS | K83: 7E | L83: =COUNTIFS(D83:K83,">""") -> 3
B84: 8 | C84: MSR | D84: 5F | F84: 6B | G84: 9BS | J84: 7G | L84: =COUNTIFS(D84:K84,">""") -> 4
B85: 9 | C85: MAR | D85: 3A | F85: 4E | G85: 7D | I85: 8G | K85: 9H | L85: =COUNTIFS(D85:K85,">""") -> 5
B86: 10 | C86: DC | D86: 7B | F86: 6B | G86: 9B | J86: 5B | K86: 10B | L86: =COUNTIFS(D86:K86,">""") -> 5
A87: ICT | B87: 1 | C87: MCB | D87: 9E | F87: 10BS | G87: 8C | I87: 7E | K87: 7A | L87: =COUNTIFS(D87:K87,">""") -> 5
B88: 2 | C88: AHC | E88: 10E | F88: 6C | I88: 6E | J88: 9A | L88: =COUNTIFS(D88:K88,">""") -> 4
B89: 3 | C89: NN | D89: 7G | F89: 7D | J89: 9C | K89: 10D | L89: =COUNTIFS(D89:K89,">""") -> 4
B90: 4 | C90: NM | E90: 9BS | F90: 6D | I90: 8A | J90: 6B | L90: =COUNTIFS(D90:K90,">""") -> 4
A91: LL | B91: 1 | C91: MM | E91: 10BS | I91: 5B | K91: 9BS | L91: =COUNTIFS(D91:K91,">""") -> 3
B92: 2 | C92: JS | E92: 7C+D | F92: 9BS+H | I92: 8C+D | K92: 6C+D | L92: =COUNTIFS(D92:K92,">""") -> 4
B93: 3 | C93: SHr | D93: 6G | F93: 3F | I93: 10BS+H | K93: 1B | L93: =COUNTIFS(D93:K93,">""") -> 4
B94: 4 | C94: MU | E94: 7E | F94: 3C | J94: 2A | K94: 7D | L94: =COUNTIFS(D94:K94,">""") -> 4
B95: 5 | C95: FTJ | E95: 3C | G95: 3G | J95: 7F | K95: 6F | L95: =COUNTIFS(D95:K95,">""") -> 4
A96: HP | B96: 1 | C96: ZF | D96: 6G | F96: 9BS+H | I96: 8C+D | K96: 6C+D | L96: =COUNTIFS(D96:K96,">""") -> 4
B97: 2 | C97: KKZ | E97: 6F | G97: 10C | I97: 1OD | K97: 9A | L97: =COUNTIFS(D97:K97,">""") -> 4
B98: 3 | C98: BU | E98: 8E | G98: 4B | J98: 1C | K98: 8C | L98: =COUNTIFS(D98:K98,">""") -> 4
B99: 4 | C99: SOB | F99: 8D | G99: 9F | J99: 1E | K99: 2E | L99: =COUNTIFS(D99:K99,">""") -> 4
B100: 5 | C100: DSL | D100: 5B | E100: 7C+D | I100: 10BS+H | J100: 2D | L100: =COUNTIFS(D100:K100,">""") -> 4
...

Sheet Wed
A1: CLASS ROUTINE (SCHOOL) - 2026
A2: WEDNESDAY
A3: SUB | B3: SL | C3: NAME | D3: IST | E3: 2ND | F3: 3RD | G3: 4TH | I3: 5TH | J3: 6TH | K3: 7TH | L3: Total
A4: SUB | B4: SL | C4: NAME | D4: 08.20-09.05 | E4: 09.05-09.45 | F4: 09.45-10.25 | G4: 10.25-11.05 | I4: 11.40-12.25 | J4: 12.25-13.05 | K4: 13.05-13:45
A5: BANGLA | B5: 1 | C5: NA | E5: 9B | F5: 10B | J5: 9F | L5: =COUNTIFS(D5:K5,">""") -> 3
B6: 2 | C6: GA | D6: 7D | E6: 10E | G6: 9B | J6: 8A | L6: =COUNTIFS(D6:K6,">""") -> 4
B7: 3 | C7: MR | D7: 6G | E7: 9BS | G7: 8D | J7: 10D | L7: =COUNTIFS(D7:K7,">""") -> 4
B8: 4 | C8: AS | D8: 10D | F8: 8E | G8: 6G | I8: 6F | K8: 8D | L8: =COUNTIFS(D8:K8,">""") -> 5
B9: 5 | C9: SN | D9: 8C | F9: 9D | G9: 6C | J9: 8B | K9: 10F | L9: =COUNTIFS(D9:K9,">""") -> 5
B10: 6 | C10: JU | D10: 8B | F10: 5A | J10: 10A | K10: 9H | L10: =COUNTIFS(D10:K10,">""") -> 4
B11: 7 | C11: SB | D11: 6C | G11: 4E | I11: 2D | K11: 7B | L11: =COUNTIFS(D11:K11,">""") -> 4
B12: 8 | C12: KT | E12: 4C | F12: 9E | I12: 8G | J12: 6B | L12: =COUNTIFS(D12:K12,">""") -> 4
B13: 9 | C13: TC | D13: 8A | E13: 6D | J13: 9C | K13: 7E | L13: =COUNTIFS(D13:K13,">""") -> 4
B14: 10 | C14: MJH | D14: 8E | E14: 9H | G14: 5B | J14: 6F | L14: =COUNTIFS(D14:K14,">""") -> 4
B15: 11 | C15: TJA | E15: 7G | F15: 10BS | J15: 9D | K15: 2F-EHW | L15: =COUNTIFS(D15:K15,">""") -> 4
B16: 12 | C16: ARB | D16: 9E | E16: 7A | F16: 6D | L16: =COUNTIFS(D16:K16,">""") -> 3
B17: 13 | C17: UHP | E17: 8F | G17: 5D | I17: 6E | K17: 9BS | L17: =COUNTIFS(D17:K17,">""") -> 4
B18: 14 | C18: JHB | E18: 10H | F18: 5G | I18: 7C | K18: 6A | L18: =COUNTIFS(D18:K18,">""") -> 4
B19: 15 | C19: TS | D19: 5C | E19: 4D | I19: 5E | J19: 7G | L19: =COUNTIFS(D19:K19,">""") -> 4
B20: 16 | C20: MAI | D20: 3D | F20: 5F | G20: 4B | J20: 7E | L20: =COUNTIFS(D20:K20,">""") -> 4
A21: ENGLISH | B21: 1 | C21: BCB | E21: 8C | F21: 5B | I21: 7E | J21: 6A | L21: =COUNTIFS(D21:K21,">""") -> 4
B22: 2 | C22: KU | D22: 5E | F22: 9B | I22: 9H | J22: 10BS | L22: =COUNTIFS(D22:K22,">""") -> 4
B23: 3 | C23: SHS | D23: 6B | F23: 9C | I23: 10E | K23: 8A | L23: =COUNTIFS(D23:K23,">""") -> 4
B24: 4 | C24: NH | D24: 9A | G24: 5C | I24: 6D | K24: 7C | L24: =COUNTIFS(D24:K24,">""") -> 4
B25: 5 | C25: SIS | D25: 9B | F25: 4G | I25: 10C | J25: 8F | L25: =COUNTIFS(D25:K25,">""") -> 4
B26: 6 | C26: MSI | D26: 3E | F26: 10H | G26: 4A | K26: 9D | L26: =COUNTIFS(D26:K26,">""") -> 4
B27: 7 | C27: MSH | D27: 5F | E27: 7D | G27: 6A | J27: 2E | L27: =COUNTIFS(D27:K27,">""") -> 4
B28: 8 | C28: SJA | E28: 10B | G28: 9H | J28: 7A | K28: 2C | L28: =COUNTIFS(D28:K28,">""") -> 4
B29: 9 | C29: RS | D29: 3A | F29: 10F | I29: 9D | J29: 8E | L29: =COUNTIFS(D29:K29,">""") -> 4
B30: 10 | C30: ZK | E30: 3C | G30: 8G | J30: 2A | L30: =COUNTIFS(D30:K30,">""") -> 3
B31: 11 | C31: MAN | E31: 7B | F31: 5D | I31: 1A | K31: 6E | L31: =COUNTIFS(D31:K31,">""") -> 4
B32: 12 | C32: MHM | D32: 9BS | F32: 8D | I32: 7F | L32: =COUNTIFS(D32:K32,">""") -> 3
B33: 13 | C33: RU | D33: 5A | E33: 4F | G33: 7G | I33: 8C | J33: 1F | L33: =COUNTIFS(D33:K33,">""") -> 5
B34: 14 | C34: ISE | E34: 10D | F34: 6F | J34: 1D | K34: 8B | L34: =COUNTIFS(D34:K34,">""") -> 4
B35: 15 | C35: KMA | D35: 3G | F35: 4B | I35: 1C | J35: 2G | L35: =COUNTIFS(D35:K35,">""") -> 4
B36: 16 | C36: KKR | D36: 8G | E36: 5G | G36: 3D | I36: 2A-Ehw | J36: 2F | L36: =COUNTIFS(D36:K36,">""") -> 5
A37: MATH | B37: 1 | C37: MFA | G37: 10E | L37: =COUNTIFS(D37:K37,">""") -> 1
B38: 2 | C38: MOH | E38: 10F | G38: 8C | I38: 7G | L38: =COUNTIFS(D38:K38,">""") -> 3
B39: 3 | C39: NU | E39: 9E | G39: 9C | I39: 7A | J39: 10B | L39: =COUNTIFS(D39:K39,">""") -> 4
B40: 4 | C40: SR | D40: 10C | F40: 10D | J40: 9BS | L40: =COUNTIFS(D40:K40,">""") -> 3
B41: 5 | C41: SAS | E41: 9C | G41: 10BS | I41: 6A | L41: =COUNTIFS(D41:K41,">""") -> 3
B42: 6 | C42: MRU | E42: 3B | F42: 8B | I42: 6C | J42: 5A | L42: =COUNTIFS(D42:K42,">""") -> 4
B43: 7 | C43: MKH | D43: 9F | G43: 10B | J43: 8D | L43: =COUNTIFS(D43:K43,">""") -> 3
B44: 8 | C44: MAH | D44: 4E | F44: 3A | G44: 4G | J44: 2D | L44: =COUNTIFS(D44:K44,">""") -> 4
B45: 9 | C45: AMR | D45: 6E | F45: 5C | I45: 10D | J45: 9B | L45: =COUNTIFS(D45:K45,">""") -> 4
B46: 10 | C46: MES | D46: 7C | E46: 4B | I46: 5D | L46: =COUNTIFS(D46:K46,">""") -> 3
B47: 11 | C47: MRE | E47: 6G | G47: 5F | I47: 7B | J47: 2B | L47: =COUNTIFS(D47:K47,">""") -> 4
B48: 12 | C48: MAF | E48: 6B | G48: 3C | I48: 5G | L48: =COUNTIFS(D48:K48,">""") -> 3
B49: 13 | C49: ZIK | D49: 8F | E49: 5E | G49: 4C | J49: 7F | L49: =COUNTIFS(D49:K49,">""") -> 4
B50: 14 | C50: MSF | D50: 7E | F50: 4D | I50: 2G | J50: 2C-Game | L50: =COUNTIFS(D50:K50,">""") -> 4
B51: 15 | C51: NHS | D51: 4A | F51: 9A | I51: 7D | K51: 2E | L51: =COUNTIFS(D51:K51,">""") -> 4
B52: 16 | C52: MKA | E52: 3G | F52: 3F | I52: 2C | K52: 1B | L52: =COUNTIFS(D52:K52,">""") -> 4
A53: SCIENCE | B53: 1 | C53: SI | D53: 10E | E53: 5F | G53: 9D | K53: 10C | L53: =COUNTIFS(D53:K53,">""") -> 4
A54: CHE | B54: 2 | C54: FA | D54: 5G | E54: 9F | G54: 10F | J54: 6C | L54: =COUNTIFS(D54:K54,">""") -> 4
B55: 3 | C55: MHn | E55: 10A | F55: 4F | I55: 10B | K55: 9C | L55: =COUNTIFS(D55:K55,">""") -> 4
B56: 4 | C56: AAM | D56: 4C | F56: 3D | G56: 9A | I56: 5B | K56: 10D | L56: =COUNTIFS(D56:K56,">""") -> 5
A57: PHY | B57: 5 | C57: MZ | D57: 7A | E57: 5D | G57: 8A | I57: 10A | K57: 7F | L57: =COUNTIFS(D57:K57,">""") -> 5
B58: 6 | C58: MTA | D58: 10F | E58: 3F | G58: 7E | K58: 6B | L58: =COUNTIFS(D58:K58,">""") -> 4
B59: 7 | C59: ABS | D59: 4G | F59: 10E | J59: 9A | L59: =COUNTIFS(D59:K59,">""") -> 3
B60: 8 | C60: MOR | D60: 10BS | E60: 3E | G60: 4D | K60: 9F | L60: =COUNTIFS(D60:K60,">""") -> 4
B61: 9 | C61: TBZ | D61: 3B | E61: 4A | I61: 8E | K61: 9E | L61: =COUNTIFS(D61:K61,">""") -> 4
B62: 10 | C62: MHS | D62: 3C | E62: 4E | G62: 5A | J62: 10C | L62: =COUNTIFS(D62:K62,">""") -> 4
A63: BIO | B63: 11 | C63: SY | D63: 10H | F63: 5E | G63: 9F | K63: 9B | L63: =COUNTIFS(D63:K63,">""") -> 4
B64: 12 | C64: AAF | D64: 6A | F64: 8G | I64: 9BS | K64: 9A | L64: =COUNTIFS(D64:K64,">""") -> 4
B65: 13 | C65: MHB | E65: 9D | F65: 3G | I65: 10F | J65: 9E | L65: =COUNTIFS(D65:K65,">""") -> 4
B66: 14 | C66: NJM | D66: 9C | E66: 3A | I66: 5C | K66: 10A | L66: =COUNTIFS(D66:K66,">""") -> 4
A67: BGS | B67: 1 | C67: JB | D67: 9H | E67: 10C | I67: 10H | J67: 8C | L67: =COUNTIFS(D67:K67,">""") -> 4
B68: 2 | C68: DT | D68: 8D | F68: 9H | G68: 10A | I68: 6B | K68: 10H | L68: =COUNTIFS(D68:K68,">""") -> 5
B69: 3 | C69: MMH | L69: =COUNTIFS(D69:K69,">""") -> 0
B70: 4 | C70: DN | D70: 5B | F70: 4C | G70: 3A | K70: 7D | L70: =COUNTIFS(D70:K70,">""") -> 4
B71: 5 | C71: US | D71: 10B | F71: 7A | G71: 4F | I71: 5F | L71: =COUNTIFS(D71:K71,">""") -> 4
B72: 6 | C72: MAK | D72: 6D | E72: 9A | G72: 10D | J72: 5G | K72: 8F | L72: =COUNTIFS(D72:K72,">""") -> 5
B73: 7 | C73: AMS | E73: 5A | F73: 9H | J73: 6G | K73: 10E | L73: =COUNTIFS(D73:K73,">""") -> 4
B74: 8 | C74: NS | D74: 7G | E74: 4G | G74: 5E | I74: 8A | K74: 10H | L74: =COUNTIFS(D74:K74,">""") -> 5
B75: 9 | C75: MK | D75: 5D | F75: 4E | G75: 3B | J75: 6E | K75: 1D-BHw | L75: =COUNTIFS(D75:K75,">""") -> 5
B76: 10 | C76: MS | E76: 8E | F76: 3E | I76: 9E | J76: 5C | L76: =COUNTIFS(D76:K76,">""") -> 4
A77: RME | B77: 1 | C77: MH | D77: 4D | F77: 6G | G77: 10H | I77: 9C | K77: 7A | L77: =COUNTIFS(D77:K77,">""") -> 5
B78: 2 | C78: AU | E78: 5B | I78: 9A | J78: 7C | L78: =COUNTIFS(D78:K78,">""") -> 3
B79: 3 | C79: AA | D79: 7B | F79: 4A | G79: 9E | J79: 5D | K79: 10B | L79: =COUNTIFS(D79:K79,">""") -> 5
B80: 4 | C80: MRR | E80: 5C | G80: 6E | I80: 9F | L80: =COUNTIFS(D80:K80,">""") -> 3
B81: 5 | C81: JA | E81: 7F | F81: 10C | I81: 5A | J81: 6D | L81: =COUNTIFS(D81:K81,">""") -> 4
B82: 6 | C82: MAA | D82: 10A | F82: 3B | G82: 3E | J82: 5E | L82: =COUNTIFS(D82:K82,">""") -> 4
B83: 7 | C83: SBK | D83: 4F | F83: 7E | G83: 5G | I83: 8D | K83: 10BS | L83: =COUNTIFS(D83:K83,">""") -> 5
B84: 8 | C84: MSR | F84: 3C | G84: 3G | J84: 5F | K84: 7G | L84: =COUNTIFS(D84:K84,">""") -> 4
B85: 9 | C85: MAR | D85: 3F | E85: 8G | J85: 7D | K85: 6F | L85: =COUNTIFS(D85:K85,">""") -> 4
B86: 10 | C86: DC | D86: 7B | E86: 5B | F86: 3B | K86: 10B | L86: =COUNTIFS(D86:K86,">""") -> 4
A87: ICT | B87: 1 | C87: MCB | E87: 6A | F87: 10A | I87: 9B | K87: 8C | L87: =COUNTIFS(D87:K87,">""") -> 4
B88: 2 | C88: AHC | D88: 7F | F88: 7C | G88: 8F | J88: 9H | L88: =COUNTIFS(D88:K88,">""") -> 4
B89: 3 | C89: NN | F89: 9F | G89: 6F | J89: 10H | K89: 8E | L89: =COUNTIFS(D89:K89,">""") -> 4
B90: 4 | C90: NM | D90: 9D | F90: 7B | G90: 10C | J90: 10F | K90: 6G | L90: =COUNTIFS(D90:K90,">""") -> 5
A91: LL | B91: 1 | C91: MM | F91: 9BS | I91: 10BS | J91: 5B | L91: =COUNTIFS(D91:K91,">""") -> 3
B92: 2 | C92: JS | E92: 8A+B | G92: 7C+D | I92: 1E-Bang | K92: 1A-Game | L92: =COUNTIFS(D92:K92,">""") -> 4
B93: 3 | C93: SHr | E93: 3D-BGS | G93: 3F-BGS | J93: 8G | K93: 2A-Game | L93: =COUNTIFS(D93:K93,">""") -> 4
B94: 4 | C94: MU | D94: 4B-BGS | F94: 6E | G94: 7F-Bgs | J94: 7B | L94: =COUNTIFS(D94:K94,">""") -> 4
B95: 5 | C95: FTJ | E95: 7C | G95: 7A | J95: 1E-Eng | K95: 6C | L95: =COUNTIFS(D95:K95,">""") -> 4
A96: HP | B96: 1 | C96: ZF | E96: 6C | F96: 6B | I96: 1G-Game | K96: 2G | L96: =COUNTIFS(D96:K96,">""") -> 4
B97: 2 | C97: KKZ | E97: 7E | G97: 8B | I97: 8F | K97: 2B | L97: =COUNTIFS(D97:K97,">""") -> 4
B98: 3 | C98: BU | F98: 8C | G98: 8E | J98: 10E | K98: 1C | L98: =COUNTIFS(D98:K98,">""") -> 4
B99: 4 | C99: SOB | E99: 10BS | F99: 8A | I99: 2B-Ehw | K99: 8G | L99: =COUNTIFS(D99:K99,">""") -> 4
B100: 5 | C100: DSL | E100: 8A+B | G100: 7C+D | I100: 1B-Eng | J100: 8G | L100: =COUNTIFS(D100:K100,">""") -> 4
...

Sheet Thurs
A1: CLASS ROUTINE (SCHOOL) - 2026
A2: THURSDAY
A3: SUB | B3: SL | C3: NAME | D3: IST | E3: 2ND | F3: 3RD | G3: 4TH | I3: 5TH | J3: 6TH | K3: 7TH | L3: Total
A4: SUB | B4: SL | C4: NAME | D4: 08.20-09.05 | E4: 09.05-09.45 | F4: 09.45-10.25 | G4: 10.25-11.05 | I4: 11.40-12.25 | J4: 12.25-13.05 | K4: 13.05-13:45
A5: BANGLA | B5: 1 | C5: NA | E5: 10A | G5: 8C | J5: 7D | L5: =COUNTIFS(D5:K5,">""") -> 3
B6: 2 | C6: GA | D6: 7D | F6: 7F | I6: 6E | J6: 10B | L6: =COUNTIFS(D6:K6,">""") -> 4
B7: 3 | C7: MR | D7: 9A | E7: 7B | G7: 6B | J7: 6G | L7: =COUNTIFS(D7:K7,">""") -> 4
B8: 4 | C8: AS | D8: 10D | E8: 9A | J8: 7C | K8: 8D | L8: =COUNTIFS(D8:K8,">""") -> 4
B9: 5 | C9: SN | D9: 7A | F9: 6A | I9: 8C | K9: 9D | L9: =COUNTIFS(D9:K9,">""") -> 4
B10: 6 | C10: JU | D10: 5F | I10: 5A | K10: 9F | L10: =COUNTIFS(D10:K10,">""") -> 3
B11: 7 | C11: SB | D11: 9C | F11: 2D | I11: 10E | K11: 8F | L11: =COUNTIFS(D11:K11,">""") -> 4
B12: 8 | C12: KT | D12: 7F | F12: 10H | I12: 8G | K12: 4C | L12: =COUNTIFS(D12:K12,">""") -> 4
B13: 9 | C13: TC | D13: 10BS | E13: 1A | G13: 8A | K13: 4G | L13: =COUNTIFS(D13:K13,">""") -> 4
B14: 10 | C14: MJH | D14: 2E | E14: 2D-BHw | G14: 5G | J14: 10F | K14: 9H | L14: =COUNTIFS(D14:K14,">""") -> 5
B15: 11 | C15: TJA | D15: 2A | E15: 1B | G15: 5C | I15: 5E | J15: 3E | L15: =COUNTIFS(D15:K15,">""") -> 5
B16: 12 | C16: ARB | D16: 8G | F16: 2G | G16: 7A | J16: 3F | K16: 10C | L16: =COUNTIFS(D16:K16,">""") -> 5
B17: 13 | C17: UHP | D17: 8F | E17: 5D | G17: 10C | I17: 3A | K17: 4F | L17: =COUNTIFS(D17:K17,">""") -> 5
B18: 14 | C18: JHB | D18: 2F | F18: 5B | G18: 7C | K18: 3C | L18: =COUNTIFS(D18:K18,">""") -> 4
B19: 15 | C19: TS | D19: 1D | F19: 2B | J19: 3G | K19: 4D | L19: =COUNTIFS(D19:K19,">""") -> 4
B20: 16 | C20: MAI | E20: 1C | F20: 2C | I20: 7E | K20: 3D | L20: =COUNTIFS(D20:K20,">""") -> 4
A21: ENGLISH | B21: 1 | C21: BCB | D21: 9E | F21: 7E | J21: 5B | L21: =COUNTIFS(D21:K21,">""") -> 3
B22: 2 | C22: KU | E22: 9B | F22: 8A | J22: 5E | K22: 6C | L22: =COUNTIFS(D22:K22,">""") -> 4
B23: 3 | C23: SHS | E23: 7F | G23: 9BS | I23: 8A | J23: 4D | L23: =COUNTIFS(D23:K23,">""") -> 4
B24: 4 | C24: NH | E24: 5C | G24: 8B | I24: 9A | K24: 10B | L24: =COUNTIFS(D24:K24,">""") -> 4
B25: 5 | C25: SIS | E25: 6D | F25: 5A | I25: 10C | J25: 7B | L25: =COUNTIFS(D25:K25,">""") -> 4
B26: 6 | C26: MSI | D26: 10F | E26: 6B | G26: 9D | I26: 8D | K26: 3E | L26: =COUNTIFS(D26:K26,">""") -> 5
B27: 7 | C27: MSH | D27: 10E | E27: 2E | I27: 9F | J27: 5F | L27: =COUNTIFS(D27:K27,">""") -> 4
B28: 8 | C28: SJA | D28: 6G | E28: 7A | G28: 2C | I28: 4C | L28: =COUNTIFS(D28:K28,">""") -> 4
B29: 9 | C29: RS | D29: 2B | E29: 6G | G29: 2E-Ehw | K29: 7C | L29: =COUNTIFS(D29:K29,">""") -> 4
B30: 10 | C30: ZK | D30: 10A | F30: 7D | G30: 9F | J30: 6E | L30: =COUNTIFS(D30:K30,">""") -> 4
B31: 11 | C31: MAN | D31: 5D | E31: 10BS | G31: 7B | I31: 3B | K31: 6E | L31: =COUNTIFS(D31:K31,">""") -> 5
B32: 12 | C32: MHM | D32: 2D | G32: 10H | I32: 3F | K32: 9BS | L32: =COUNTIFS(D32:K32,">""") -> 4
B33: 13 | C33: RU | E33: 8C | G33: 10D | J33: 4F | K33: 9C | L33: =COUNTIFS(D33:K33,">""") -> 4
B34: 14 | C34: ISE | D34: 6F | G34: 6C | J34: 7E | K34: 4E | L34: =COUNTIFS(D34:K34,">""") -> 4
B35: 15 | C35: KMA | D35: 7G | E35: 2G | G35: 1C | I35: 3G | J35: 8E | L35: =COUNTIFS(D35:K35,">""") -> 5
B36: 16 | C36: KKR | D36: 1G | F36: 2F | I36: 5G | J36: 8G | L36: =COUNTIFS(D36:K36,">""") -> 4
A37: MATH | B37: 1 | C37: MFA | G37: 10E | L37: =COUNTIFS(D37:K37,">""") -> 1
B38: 2 | C38: MOH | D38: 9H | E38: 10F | G38: 9B | J38: 10A | L38: =COUNTIFS(D38:K38,">""") -> 4
B39: 3 | C39: NU | E39: 8G | F39: 9E | I39: 10F | J39: 9C | L39: =COUNTIFS(D39:K39,">""") -> 4
B40: 4 | C40: SR | D40: 8C | F40: 10C | I40: 7F | J40: 6A | L40: =COUNTIFS(D40:K40,">""") -> 4
B41: 5 | C41: SAS | D41: 10C | F41: 10BS | G41: 9C | J41: 9A | L41: =COUNTIFS(D41:K41,">""") -> 4
B42: 6 | C42: MRU | E42: 5A | F42: 7G | I42: 4F | J42: 9E | L42: =COUNTIFS(D42:K42,">""") -> 4
B43: 7 | C43: MKH | D43: 6C | E43: 10B | I43: 7A | J43: 10E | L43: =COUNTIFS(D43:K43,">""") -> 4
B44: 8 | C44: MAH | D44: 1F | F44: 2A | I44: 3D | J44: 4G | L44: =COUNTIFS(D44:K44,">""") -> 4
B45: 9 | C45: AMR | D45: 9B | F45: 10D | G45: 8E | J45: 5C | L45: =COUNTIFS(D45:K45,">""") -> 4
B46: 10 | C46: MES | F46: 10A | G46: 6E | J46: 5D | L46: =COUNTIFS(D46:K46,">""") -> 3
B47: 11 | C47: MRE | D47: 9F | E47: 2B | G47: 5F | I47: 7B | K47: 8A | L47: =COUNTIFS(D47:K47,">""") -> 5
B48: 12 | C48: MAF | D48: 5G | F48: 1G | I48: 10H | L48: =COUNTIFS(D48:K48,">""") -> 3
B49: 13 | C49: ZIK | D49: 5E | E49: 1E | G49: 2F | J49: 8F | L49: =COUNTIFS(D49:K49,">""") -> 4
B50: 14 | C50: MSF | D50: 9D | F50: 1D | G50: 2G | J50: 6D | L50: =COUNTIFS(D50:K50,">""") -> 4
B51: 15 | C51: NHS | D51: 1C | E51: 7D | G51: 9A | I51: 6F | J51: 4A | L51: =COUNTIFS(D51:K51,">""") -> 5
B52: 16 | C52: MKA | F52: 1A | I52: 3E | K52: 3F | L52: =COUNTIFS(D52:K52,">""") -> 3
A53: SCIENCE | B53: 1 | C53: SI | E53: 10C | F53: 5F | I53: 8B | K53: 10E | L53: =COUNTIFS(D53:K53,">""") -> 4
A54: CHE | B54: 2 | C54: FA | E54: 8E | F54: 9F | I54: 9E | J54: 6C | L54: =COUNTIFS(D54:K54,">""") -> 4
B55: 3 | C55: MHn | D55: 10B | F55: 8D | G55: 10A | I55: 5D | K55: 6G | L55: =COUNTIFS(D55:K55,">""") -> 5
B56: 4 | C56: AAM | D56: 5B | F56: 9A | J56: 4C | L56: =COUNTIFS(D56:K56,">""") -> 3
A57: PHY | B57: 5 | C57: MZ | E57: 8A | F57: 9H | I57: 9D | K57: 7A | L57: =COUNTIFS(D57:K57,">""") -> 4
B58: 6 | C58: MTA | D58: 7E | E58: 5G | G58: 10BS | I58: 6B | L58: =COUNTIFS(D58:K58,">""") -> 4
B59: 7 | C59: ABS | D59: 7B | E59: 9C | I59: 4G | K59: 10D | L59: =COUNTIFS(D59:K59,">""") -> 4
B60: 8 | C60: MOR | D60: 6D | F60: 8F | G60: 10B | K60: 7G | L60: =COUNTIFS(E60:K60,">""") -> 3
B61: 9 | C61: TBZ | F61: 6E | G61: 1E | I61: 4A | K61: 3B | L61: =COUNTIFS(D61:K61,">""") -> 4
B62: 10 | C62: MHS | D62: 5A | F62: 9BS | I62: 3C | J62: 4B | L62: =COUNTIFS(D62:K62,">""") -> 4
A63: BIO | B63: 11 | C63: SY | D63: 10H | E63: 9F | G63: 5E | J63: 10D | K63: 9B | L63: =COUNTIFS(D63:K63,">""") -> 5
B64: 12 | C64: AAF | E64: 10E | G64: 6A | I64: 10B | K64: 7D | L64: =COUNTIFS(D64:K64,">""") -> 4
B65: 13 | C65: MHB | E65: 9D | G65: 9E | J65: 10C | K65: 8C | L65: =COUNTIFS(D65:K65,">""") -> 4
B66: 14 | C66: NJM | D66: 5C | F66: 7C | G66: 6F | I66: 10A | K66: 3A | L66: =COUNTIFS(D66:K66,">""") -> 5
A67: BGS | B67: 1 | C67: JB | E67: 10H | F67: 8C | I67: 9C | J67: 9H | L67: =COUNTIFS(D67:K67,">""") -> 4
B68: 2 | C68: DT | G68: 8D | J68: 9D | K68: 6B | L68: =COUNTIFS(D68:K68,">""") -> 3
B69: 3 | C69: MMH | E69: 9H | J69: 10H | L69: =COUNTIFS(D69:K69,">""") -> 2
B70: 4 | C70: DN | E70: 6C | F70: 8G | I70: 5B | J70: 3A | L70: =COUNTIFS(D70:K70,">""") -> 4
B71: 5 | C71: US | D71: 1B-EHw | E71: 5F | I71: 6A | J71: 9F | L71: =COUNTIFS(D71:K71,">""") -> 4
B72: 6 | C72: MAK | E72: 8F | F72: 5G | I72: 10D | K72: 4A | L72: =COUNTIFS(D72:K72,">""") -> 4
B73: 7 | C73: AMS | E73: 7E | G73: 5A | I73: 6G | J73: 8B | L73: =COUNTIFS(D73:K73,">""") -> 4
B74: 8 | C74: NS | E74: 5E | F74: 9B | I74: 7G | J74: 8A | L74: =COUNTIFS(D74:K74,">""") -> 4
B75: 9 | C75: MK | E75: 7C | G75: 5D | I75: 4E | J75: 6F | L75: =COUNTIFS(D75:K75,">""") -> 4
B76: 10 | C76: MS | D76: 8E | F76: 5C | G76: 10F | I76: 4D | K76: 9E | L76: =COUNTIFS(D76:K76,">""") -> 5
A77: RME | B77: 1 | C77: MH | E77: 10D | F77: 9C | I77: 8F | J77: 7A | L77: =COUNTIFS(D77:K77,">""") -> 4
B78: 2 | C78: AU | D78: 7C | F78: 10F | G78: 5B | I78: 8E | K78: 9A | L78: =COUNTIFS(D78:K78,">""") -> 5
B79: 3 | C79: AA | E79: 9E | F79: 5D | J79: 8C | K79: 7B | L79: =COUNTIFS(D79:K79,">""") -> 4
B80: 4 | C80: MRR | D80: 8A | F80: 10E | I80: 5C | K80: 7F | L80: =COUNTIFS(D80:K80,">""") -> 4
B81: 5 | C81: JA | E81: 8B | F81: 9D | I81: 6D | J81: 5A | L81: =COUNTIFS(D81:K81,">""") -> 4
B82: 6 | C82: MAA | F82: 5E | I82: 9B | K82: 6A | L82: =COUNTIFS(D82:K82,">""") -> 3
B83: 7 | C83: SBK | E83: 8D | F83: 6C | J83: 5G | K83: 7E | L83: =COUNTIFS(D83:K83,">""") -> 4
B84: 8 | C84: MSR | E84: 7G | F84: 6B | I84: 5F | J84: 9BS | L84: =COUNTIFS(D84:K84,">""") -> 4
B85: 9 | C85: MAR | F85: 6F | G85: 9H | J85: 4E | K85: 4B | L85: =COUNTIFS(D85:K85,">""") -> 4
B86: 10 | C86: DC | E86: 8B | G86: 5B | I86: 9B | K86: 7B | L86: =COUNTIFS(D86:K86,">""") -> 4
A87: ICT | B87: 1 | C87: MCB | E87: 6A | I87: 6C | J87: 9B | L87: =COUNTIFS(D87:K87,">""") -> 3
B88: 2 | C88: AHC | D88: 6E | F88: 10B | G88: 8G | J88: 7F | L88: =COUNTIFS(D88:K88,">""") -> 4
B89: 3 | C89: NN | D89: 8B | F89: 6G | I89: 7D | K89: 6F | L89: =COUNTIFS(D89:K89,">""") -> 4
B90: 4 | C90: NM | D90: 6B | F90: 7B | G90: 6D | J90: 8D | L90: =COUNTIFS(D90:K90,">""") -> 4
A91: LL | B91: 1 | C91: MM | D91: 9BS | E91: 5B | G91: 1G-BHw | J91: 10BS | L91: =COUNTIFS(D91:K91,">""") -> 4
B92: 2 | C92: JS | D92: 1E | F92: 1F | I92: 9BS+H | J92: 7G | L92: =COUNTIFS(D92:K92,">""") -> 4
B93: 3 | C93: SHr | E93: 6E+F | G93: 7E+F | J93: 3D-BGS | K93: 10BS+H | L93: =COUNTIFS(D93:K93,">""") -> 4
B94: 4 | C94: MU | E94: 1G-BANG | G94: 7G | I94: 4B | J94: 3C-BGS | L94: =COUNTIFS(D94:K94,">""") -> 4
B95: 5 | C95: FTJ | D95: 8D | F95: 1E-Eng | G95: 1B-Game | L95: =COUNTIFS(D95:K95,">""") -> 3
A96: HP | B96: 1 | C96: ZF | E96: 6E+F | F96: 6DLIB | G96: 7E+F | I96: 9BS+H | L96: =COUNTIFS(D96:K96,">""") -> 4
B97: 2 | C97: KKZ | F97: 8B | G97: 8F | K97: 10A | L97: =COUNTIFS(D97:K97,">""") -> 3
B98: 3 | C98: BU | D98: 2G | E98: 1D | G98: 2D | I98: 7C | K98: 10F | L98: =COUNTIFS(D98:K98,">""") -> 5
B99: 4 | C99: SOB | E99: 1F-Ehw | F99: 2E | G99: 7D | K99: 8G | L99: =COUNTIFS(D99:K99,">""") -> 4
B100: 5 | C100: DSL | E100: 2F-Game | G100: 1F- Game | J100: 7G | K100: 10BS+H | L100: =COUNTIFS(D100:K100,">""") -> 4
...

Sheet Acct of Class
A2: Total Class
A3: SUB | B3: SL | C3: NAME | D3: SUN | E3: MON | F3: TUE | G3: WED | H3: THU | I3: Total
A4: BANGLA | B4: 1 | C4: NA | D4: =Sun!L5 -> 3 | E4: =Mon!L5 -> 3 | F4: =Tues!L5 -> 3 | G4: =Wed!L5 -> 3 | H4: =Thurs!L5 -> 3 | I4: =SUM(D4:H4) -> 15
B5: 2 | C5: GA | D5: =Sun!L6 -> 4 | E5: =Mon!L6 -> 4 | F5: =Tues!L6 -> 4 | G5: =Wed!L6 -> 4 | H5: =Thurs!L6 -> 4 | I5: =SUM(D5:H5) -> 20
B6: 3 | C6: MR | D6: =Sun!L7 -> 4 | E6: =Mon!L7 -> 4 | F6: =Tues!L7 -> 4 | G6: =Wed!L7 -> 4 | H6: =Thurs!L7 -> 4 | I6: =SUM(D6:H6) -> 20
B7: 4 | C7: AS | D7: =Sun!L8 -> 3 | E7: =Mon!L8 -> 4 | F7: =Tues!L8 -> 4 | G7: =Wed!L8 -> 5 | H7: =Thurs!L8 -> 4 | I7: =SUM(D7:H7) -> 20
B8: 5 | C8: SN | D8: =Sun!L9 -> 3 | E8: =Mon!L9 -> 4 | F8: =Tues!L9 -> 4 | G8: =Wed!L9 -> 5 | H8: =Thurs!L9 -> 4 | I8: =SUM(D8:H8) -> 20
B9: 6 | C9: JU | D9: =Sun!L10 -> 2 | E9: =Mon!L10 -> 3 | F9: =Tues!L10 -> 3 | G9: =Wed!L10 -> 4 | H9: =Thurs!L10 -> 3 | I9: =SUM(D9:H9) -> 15
B10: 7 | C10: SB | D10: =Sun!L11 -> 5 | E10: =Mon!L11 -> 4 | F10: =Tues!L11 -> 4 | G10: =Wed!L11 -> 4 | H10: =Thurs!L11 -> 4 | I10: =SUM(D10:H10) -> 21
B11: 8 | C11: KT | D11: =Sun!L12 -> 5 | E11: =Mon!L12 -> 4 | F11: =Tues!L12 -> 4 | G11: =Wed!L12 -> 4 | H11: =Thurs!L12 -> 4 | I11: =SUM(D11:H11) -> 21
B12: 9 | C12: TC | D12: =Sun!L13 -> 5 | E12: =Mon!L13 -> 4 | F12: =Tues!L13 -> 4 | G12: =Wed!L13 -> 4 | H12: =Thurs!L13 -> 4 | I12: =SUM(D12:H12) -> 21
B13: 10 | C13: MJH | D13: =Sun!L14 -> 5 | E13: =Mon!L14 -> 3 | F13: =Tues!L14 -> 4 | G13: =Wed!L14 -> 4 | H13: =Thurs!L14 -> 5 | I13: =SUM(D13:H13) -> 21
B14: 11 | C14: TJA | D14: =Sun!L15 -> 3 | E14: =Mon!L15 -> 5 | F14: =Tues!L15 -> 4 | G14: =Wed!L15 -> 4 | H14: =Thurs!L15 -> 5 | I14: =SUM(D14:H14) -> 21
B15: 12 | C15: ARB | D15: =Sun!L16 -> 4 | E15: =Mon!L16 -> 4 | F15: =Tues!L16 -> 5 | G15: =Wed!L16 -> 3 | H15: =Thurs!L16 -> 5 | I15: =SUM(D15:H15) -> 21
B16: 13 | C16: UHP | D16: =Sun!L17 -> 3 | E16: =Mon!L17 -> 4 | F16: =Tues!L17 -> 5 | G16: =Wed!L17 -> 4 | H16: =Thurs!L17 -> 5 | I16: =SUM(D16:H16) -> 21
... B19: 16 | C19: MAI | D19: =Sun!L20 -> 4 | E19: =Mon!L20 -> 4 | F19: =Tues!L20 -> 4 | G19: =Wed!L20 -> 4 | H19: =Thurs!L20 -> 4 | I19: =SUM(D19:H19) -> 20
A20: ENGLISH | B20: 1 | C20: BCB | D20: =Sun!L21 -> 4 | E20: =Mon!L21 -> 3 | F20: =Tues!L21 -> 4 | G20: =Wed!L21 -> 4 | H20: =Thurs!L21 -> 3 | I20: =SUM(D20:H20) -> 18
B21: 2 | C21: KU | D21: =Sun!L22 -> 4 | E21: =Mon!L22 -> 4 | F21: =Tues!L22 -> 4 | G21: =Wed!L22 -> 4 | H21: =Thurs!L22 -> 4 | I21: =SUM(D21:H21) -> 20
B22: 3 | C22: SHS | D22: =Sun!L23 -> 5 | E22: =Mon!L23 -> 3 | F22: =Tues!L23 -> 4 | G22: =Wed!L23 -> 4 | H22: =Thurs!L23 -> 4 | I22: =SUM(D22:H22) -> 20
B23: 4 | C23: NH | D23: =Sun!L24 -> 4 | E23: =Mon!L24 -> 4 | F23: =Tues!L24 -> 4 | G23: =Wed!L24 -> 4 | H23: =Thurs!L24 -> 4 | I23: =SUM(D23:H23) -> 20
B24: 5 | C24: SIS | D24: =Sun!L25 -> 4 | E24: =Mon!L25 -> 4 | F24: =Tues!L25 -> 4 | G24: =Wed!L25 -> 4 | H24: =Thurs!L25 -> 4 | I24: =SUM(D24:H24) -> 20
B25: 6 | C25: MSI | D25: =Sun!L26 -> 4 | E25: =Mon!L26 -> 4 | F25: =Tues!L26 -> 4 | G25: =Wed!L26 -> 4 | H25: =Thurs!L26 -> 5 | I25: =SUM(D25:H25) -> 21
B26: 7 | C26: MSH | D26: =Sun!L27 -> 5 | E26: =Mon!L27 -> 4 | F26: =Tues!L27 -> 3 | G26: =Wed!L27 -> 4 | H26: =Thurs!L27 -> 4 | I26: =SUM(D26:H26) -> 20
B27: 8 | C27: SJA | D27: =Sun!L28 -> 4 | E27: =Mon!L28 -> 4 | F27: =Tues!L28 -> 4 | G27: =Wed!L28 -> 4 | H27: =Thurs!L28 -> 4 | I27: =SUM(D27:H27) -> 20
B28: 9 | C28: RS | D28: =Sun!L29 -> 4 | E28: =Mon!L29 -> 5 | F28: =Tues!L29 -> 4 | G28: =Wed!L29 -> 4 | H28: =Thurs!L29 -> 4 | I28: =SUM(D28:H28) -> 21
B29: 10 | C29: ZK | D29: =Sun!L30 -> 5 | E29: =Mon!L30 -> 4 | F29: =Tues!L30 -> 5 | G29: =Wed!L30 -> 3 | H29: =Thurs!L30 -> 4 | I29: =SUM(D29:H29) -> 21
B30: 11 | C30: MAN | D30: =Sun!L31 -> 4 | E30: =Mon!L31 -> 4 | F30: =Tues!L31 -> 4 | G30: =Wed!L31 -> 4 | H30: =Thurs!L31 -> 5 | I30: =SUM(D30:H30) -> 21
B31: 12 | C31: MHM | D31: =Sun!L32 -> 4 | E31: =Mon!L32 -> 4 | F31: =Tues!L32 -> 5 | G31: =Wed!L32 -> 3 | H31: =Thurs!L32 -> 4 | I31: =SUM(D31:H31) -> 20
B32: 13 | C32: RU | D32: =Sun!L33 -> 4 | E32: =Mon!L33 -> 4 | F32: =Tues!L33 -> 4 | G32: =Wed!L33 -> 5 | H32: =Thurs!L33 -> 4 | I32: =SUM(D32:H32) -> 21
... B35: 16 | C35: KKR | D35: =Sun!L36 -> 4 | E35: =Mon!L36 -> 4 | F35: =Tues!L36 -> 4 | G35: =Wed!L36 -> 5 | H35: =Thurs!L36 -> 4 | I35: =SUM(D35:H35) -> 21
A36: MATH | B36: 1 | C36: MFA | D36: =Sun!L37 -> 1 | E36: =Mon!L37 -> 1 | F36: =Tues!L37 -> 1 | G36: =Wed!L37 -> 1 | H36: =Thurs!L37 -> 1 | I36: =SUM(D36:H36) -> 5
B37: 2 | C37: MOH | D37: =Sun!L38 -> 4 | E37: =Mon!L38 -> 4 | F37: =Tues!L38 -> 3 | G37: =Wed!L38 -> 3 | H37: =Thurs!L38 -> 4 | I37: =SUM(D37:H37) -> 18
B38: 3 | C38: NU | D38: =Sun!L39 -> 4 | E38: =Mon!L39 -> 3 | F38: =Tues!L39 -> 4 | G38: =Wed!L39 -> 4 | H38: =Thurs!L39 -> 4 | I38: =SUM(D38:H38) -> 19
B39: 4 | C39: SR | D39: =Sun!L40 -> 4 | E39: =Mon!L40 -> 4 | F39: =Tues!L40 -> 4 | G39: =Wed!L40 -> 3 | H39: =Thurs!L40 -> 4 | I39: =SUM(D39:H39) -> 19
B40: 5 | C40: SAS | D40: =Sun!L41 -> 4 | E40: =Mon!L41 -> 4 | F40: =Tues!L41 -> 4 | G40: =Wed!L41 -> 3 | H40: =Thurs!L41 -> 4 | I40: =SUM(D40:H40) -> 19
B41: 6 | C41: MRU | D41: =Sun!L42 -> 4 | E41: =Mon!L42 -> 4 | F41: =Tues!L42 -> 3 | G41: =Wed!L42 -> 4 | H41: =Thurs!L42 -> 4 | I41: =SUM(D41:H41) -> 19
B42: 7 | C42: MKH | D42: =Sun!L43 -> 4 | E42: =Mon!L43 -> 4 | F42: =Tues!L43 -> 4 | G42: =Wed!L43 -> 3 | H42: =Thurs!L43 -> 4 | I42: =SUM(D42:H42) -> 19
B43: 8 | C43: MAH | D43: =Sun!L44 -> 4 | E43: =Mon!L44 -> 4 | F43: =Tues!L44 -> 4 | G43: =Wed!L44 -> 4 | H43: =Thurs!L44 -> 4 | I43: =SUM(D43:H43) -> 20
B44: 9 | C44: AMR | D44: =Sun!L45 -> 4 | E44: =Mon!L45 -> 4 | F44: =Tues!L45 -> 4 | G44: =Wed!L45 -> 4 | H44: =Thurs!L45 -> 4 | I44: =SUM(D44:H44) -> 20
B45: 10 | C45: MES | D45: =Sun!L46 -> 5 | E45: =Mon!L46 -> 5 | F45: =Tues!L46 -> 4 | G45: =Wed!L46 -> 3 | H45: =Thurs!L46 -> 3 | I45: =SUM(D45:H45) -> 20
B46: 11 | C46: MRE | D46: =Sun!L47 -> 4 | E46: =Mon!L47 -> 4 | F46: =Tues!L47 -> 3 | G46: =Wed!L47 -> 4 | H46: =Thurs!L47 -> 5 | I46: =SUM(D46:H46) -> 20
B47: 12 | C47: MAF | D47: =Sun!L48 -> 5 | E47: =Mon!L48 -> 5 | F47: =Tues!L48 -> 4 | G47: =Wed!L48 -> 3 | H47: =Thurs!L48 -> 3 | I47: =SUM(D47:H47) -> 20
B48: 13 | C48: ZIK | D48: =Sun!L49 -> 4 | E48: =Mon!L49 -> 4 | F48: =Tues!L49 -> 4 | G48: =Wed!L49 -> 4 | H48: =Thurs!L49 -> 4 | I48: =SUM(D48:H48) -> 20
... B51: 16 | C51: MKA | D51: =Sun!L52 -> 5 | E51: =Mon!L52 -> 4 | F51: =Tues!L52 -> 4 | G51: =Wed!L52 -> 4 | H51: =Thurs!L52 -> 3 | I51: =SUM(D51:H51) -> 20
A52: SCIENCE | B52: 1 | C52: SI | D52: =Sun!L53 -> 3 | E52: =Mon!L53 -> 4 | F52: =Tues!L53 -> 4 | G52: =Wed!L53 -> 4 | H52: =Thurs!L53 -> 4 | I52: =SUM(D52:H52) -> 19
A53: CHE | B53: 2 | C53: FA | D53: =Sun!L54 -> 3 | E53: =Mon!L54 -> 4 | F53: =Tues!L54 -> 4 | G53: =Wed!L54 -> 4 | H53: =Thurs!L54 -> 4 | I53: =SUM(D53:H53) -> 19
B54: 3 | C54: MHn | D54: =Sun!L55 -> 4 | E54: =Mon!L55 -> 4 | F54: =Tues!L55 -> 3 | G54: =Wed!L55 -> 4 | H54: =Thurs!L55 -> 5 | I54: =SUM(D54:H54) -> 20
B55: 4 | C55: AAM | D55: =Sun!L56 -> 4 | E55: =Mon!L56 -> 4 | F55: =Tues!L56 -> 4 | G55: =Wed!L56 -> 5 | H55: =Thurs!L56 -> 3 | I55: =SUM(D55:H55) -> 20
A56: PHY | B56: 5 | C56: MZ | D56: =Sun!L57 -> 4 | E56: =Mon!L57 -> 3 | F56: =Tues!L57 -> 4 | G56: =Wed!L57 -> 5 | H56: =Thurs!L57 -> 4 | I56: =SUM(D56:H56) -> 20
B57: 6 | C57: MTA | D57: =Sun!L58 -> 4 | E57: =Mon!L58 -> 4 | F57: =Tues!L58 -> 4 | G57: =Wed!L58 -> 4 | H57: =Thurs!L58 -> 4 | I57: =SUM(D57:H57) -> 20
B58: 7 | C58: ABS | D58: =Sun!L59 -> 4 | E58: =Mon!L59 -> 4 | F58: =Tues!L59 -> 4 | G58: =Wed!L59 -> 3 | H58: =Thurs!L59 -> 4 | I58: =SUM(D58:H58) -> 19
B59: 8 | C59: MOR | D59: =Sun!L60 -> 5 | E59: =Mon!L60 -> 4 | F59: =Tues!L60 -> 4 | G59: =Wed!L60 -> 4 | H59: 4 | I59: =SUM(D59:H59) -> 21
B60: 9 | C60: TBZ | D60: =Sun!L61 -> 4 | E60: =Mon!L61 -> 5 | F60: =Tues!L61 -> 4 | G60: =Wed!L61 -> 4 | H60: =Thurs!L61 -> 4 | I60: =SUM(D60:H60) -> 21
B61: 10 | C61: MHS | D61: =Sun!L62 -> 4 | E61: =Mon!L62 -> 4 | F61: =Tues!L62 -> 4 | G61: =Wed!L62 -> 4 | H61: =Thurs!L62 -> 4 | I61: =SUM(D61:H61) -> 20
A62: BIO | B62: 11 | C62: SY | D62: =Sun!L63 -> 4 | E62: =Mon!L63 -> 4 | F62: =Tues!L63 -> 3 | G62: =Wed!L63 -> 4 | H62: =Thurs!L63 -> 5 | I62: =SUM(D62:H62) -> 20
B63: 12 | C63: AAF | D63: =Sun!L64 -> 4 | E63: =Mon!L64 -> 4 | F63: =Tues!L64 -> 4 | G63: =Wed!L64 -> 4 | H63: =Thurs!L64 -> 4 | I63: =SUM(D63:H63) -> 20
B64: 13 | C64: MHB | D64: =Sun!L65 -> 4 | E64: =Mon!L65 -> 4 | F64: =Tues!L65 -> 4 | G64: =Wed!L65 -> 4 | H64: =Thurs!L65 -> 4 | I64: =SUM(D64:H64) -> 20
B65: 14 | C65: NJM | D65: =Sun!L66 -> 4 | E65: =Mon!L66 -> 4 | F65: =Tues!L66 -> 3 | G65: =Wed!L66 -> 4 | H65: =Thurs!L66 -> 5 | I65: =SUM(D65:H65) -> 20
A66: BGS | B66: 1 | C66: JB | D66: =Sun!L67 -> 4 | E66: =Mon!L67 -> 4 | F66: =Tues!L67 -> 4 | G66: =Wed!L67 -> 4 | H66: =Thurs!L67 -> 4 | I66: =SUM(D66:H66) -> 20
B67: 2 | C67: DT | D67: =Sun!L68 -> 4 | E67: =Mon!L68 -> 4 | F67: =Tues!L68 -> 4 | G67: =Wed!L68 -> 5 | H67: =Thurs!L68 -> 3 | I67: =SUM(D67:H67) -> 20
B68: 3 | C68: MMH | D68: =Sun!L69 -> 1 | E68: =Mon!L69 -> 1 | F68: =Tues!L69 -> 2 | G68: =Wed!L69 -> 0 | H68: =Thurs!L69 -> 2 | I68: =SUM(D68:H68) -> 6
B69: 4 | C69: DN | D69: =Sun!L70 -> 5 | E69: =Mon!L70 -> 4 | F69: =Tues!L70 -> 3 | G69: =Wed!L70 -> 4 | H69: =Thurs!L70 -> 4 | I69: =SUM(D69:H69) -> 20
B70: 5 | C70: US | D70: =Sun!L71 -> 4 | E70: =Mon!L71 -> 4 | F70: =Tues!L71 -> 4 | G70: =Wed!L71 -> 4 | H70: =Thurs!L71 -> 4 | I70: =SUM(D70:H70) -> 20
B71: 6 | C71: MAK | D71: =Sun!L72 -> 4 | E71: =Mon!L72 -> 4 | F71: =Tues!L72 -> 4 | G71: =Wed!L72 -> 5 | H71: =Thurs!L72 -> 4 | I71: =SUM(D71:H71) -> 21
B72: 7 | C72: AMS | D72: =Sun!L73 -> 4 | E72: =Mon!L73 -> 5 | F72: =Tues!L73 -> 4 | G72: =Wed!L73 -> 4 | H72: =Thurs!L73 -> 4 | I72: =SUM(D72:H72) -> 21
B73: 8 | C73: NS | D73: =Sun!L74 -> 4 | E73: =Mon!L74 -> 4 | F73: =Tues!L74 -> 4 | G73: =Wed!L74 -> 5 | H73: =Thurs!L74 -> 4 | I73: =SUM(D73:H73) -> 21
B74: 9 | C74: MK | D74: =Sun!L75 -> 4 | E74: =Mon!L75 -> 4 | F74: =Tues!L75 -> 4 | G74: =Wed!L75 -> 5 | H74: =Thurs!L75 -> 4 | I74: =SUM(D74:H74) -> 21
B75: 10 | C75: MS | D75: =Sun!L76 -> 4 | E75: =Mon!L76 -> 4 | F75: =Tues!L76 -> 4 | G75: =Wed!L76 -> 4 | H75: =Thurs!L76 -> 5 | I75: =SUM(D75:H75) -> 21
A76: RME | B76: 1 | C76: MH | D76: =Sun!L77 -> 4 | E76: =Mon!L77 -> 4 | F76: =Tues!L77 -> 4 | G76: =Wed!L77 -> 5 | H76: =Thurs!L77 -> 4 | I76: =SUM(D76:H76) -> 21
B77: 2 | C77: AU | D77: =Sun!L78 -> 4 | E77: =Mon!L78 -> 3 | F77: =Tues!L78 -> 5 | G77: =Wed!L78 -> 3 | H77: =Thurs!L78 -> 5 | I77: =SUM(D77:H77) -> 20
B78: 3 | C78: AA | D78: =Sun!L79 -> 4 | E78: =Mon!L79 -> 4 | F78: =Tues!L79 -> 3 | G78: =Wed!L79 -> 5 | H78: =Thurs!L79 -> 4 | I78: =SUM(D78:H78) -> 20
B79: 4 | C79: MRR | D79: =Sun!L80 -> 5 | E79: =Mon!L80 -> 4 | F79: =Tues!L80 -> 4 | G79: =Wed!L80 -> 3 | H79: =Thurs!L80 -> 4 | I79: =SUM(D79:H79) -> 20
B80: 5 | C80: JA | D80: =Sun!L81 -> 4 | E80: =Mon!L81 -> 4 | F80: =Tues!L81 -> 4 | G80: =Wed!L81 -> 4 | H80: =Thurs!L81 -> 4 | I80: =SUM(D80:H80) -> 20
B81: 6 | C81: MAA | D81: =Sun!L82 -> 4 | E81: =Mon!L82 -> 5 | F81: =Tues!L82 -> 4 | G81: =Wed!L82 -> 4 | H81: =Thurs!L82 -> 3 | I81: =SUM(D81:H81) -> 20
B82: 7 | C82: SBK | D82: =Sun!L83 -> 4 | E82: =Mon!L83 -> 4 | F82: =Tues!L83 -> 3 | G82: =Wed!L83 -> 5 | H82: =Thurs!L83 -> 4 | I82: =SUM(D82:H82) -> 20
B83: 8 | C83: MSR | D83: =Sun!L84 -> 4 | E83: =Mon!L84 -> 4 | F83: =Tues!L84 -> 4 | G83: =Wed!L84 -> 4 | H83: =Thurs!L84 -> 4 | I83: =SUM(D83:H83) -> 20
B84: 9 | C84: MAR | D84: =Sun!L85 -> 4 | E84: =Mon!L85 -> 4 | F84: =Tues!L85 -> 5 | G84: =Wed!L85 -> 4 | H84: =Thurs!L85 -> 4 | I84: =SUM(D84:H84) -> 21
B85: 10 | C85: DC | D85: =Sun!L86 -> 4 | E85: =Mon!L86 -> 4 | F85: =Tues!L86 -> 5 | G85: =Wed!L86 -> 4 | H85: =Thurs!L86 -> 4 | I85: =SUM(D85:H85) -> 21
A86: ICT | B86: 1 | C86: MCB | D86: =Sun!L87 -> 3 | E86: =Mon!L87 -> 3 | F86: =Tues!L87 -> 5 | G86: =Wed!L87 -> 4 | H86: =Thurs!L87 -> 3 | I86: =SUM(D86:H86) -> 18
B87: 2 | C87: AHC | D87: =Sun!L88 -> 4 | E87: =Mon!L88 -> 5 | F87: =Tues!L88 -> 4 | G87: =Wed!L88 -> 4 | H87: =Thurs!L88 -> 4 | I87: =SUM(D87:H87) -> 21
B88: 3 | C88: NN | D88: =Sun!L89 -> 5 | E88: =Mon!L89 -> 4 | F88: =Tues!L89 -> 4 | G88: =Wed!L89 -> 4 | H88: =Thurs!L89 -> 4 | I88: =SUM(D88:H88) -> 21
B89: 4 | C89: NM | D89: =Sun!L90 -> 4 | E89: =Mon!L90 -> 4 | F89: =Tues!L90 -> 4 | G89: =Wed!L90 -> 5 | H89: =Thurs!L90 -> 4 | I89: =SUM(D89:H89) -> 21
A90: LL | B90: 1 | C90: MM | D90: =Sun!L91 -> 4 | E90: =Mon!L91 -> 4 | F90: =Tues!L91 -> 3 | G90: =Wed!L91 -> 3 | H90: =Thurs!L91 -> 4 | I90: =SUM(D90:H90) -> 18
B91: 2 | C91: JS | D91: =Sun!L92 -> 3 | E91: =Mon!L92 -> 4 | F91: =Tues!L92 -> 4 | G91: =Wed!L92 -> 4 | H91: =Thurs!L92 -> 4 | I91: =SUM(D91:H91) -> 19
B92: 3 | C92: SHr | D92: =Sun!L93 -> 3 | E92: =Mon!L93 -> 4 | F92: =Tues!L93 -> 4 | G92: =Wed!L93 -> 4 | H92: =Thurs!L93 -> 4 | I92: =SUM(D92:H92) -> 19
B93: 4 | C93: MU | D93: =Sun!L94 -> 4 | E93: =Mon!L94 -> 4 | F93: =Tues!L94 -> 4 | G93: =Wed!L94 -> 4 | H93: =Thurs!L94 -> 4 | I93: =SUM(D93:H93) -> 20
B94: 5 | C94: FTJ | D94: =Sun!L95 -> 4 | E94: =Mon!L95 -> 4 | F94: =Tues!L95 -> 4 | G94: =Wed!L95 -> 4 | H94: =Thurs!L95 -> 3 | I94: =SUM(D94:H94) -> 19
A95: HP | B95: 1 | C95: ZF | D95: =Sun!L96 -> 4 | E95: =Mon!L96 -> 4 | F95: =Tues!L96 -> 4 | G95: =Wed!L96 -> 4 | H95: =Thurs!L96 -> 4 | I95: =SUM(D95:H95) -> 20
B96: 2 | C96: KKZ | D96: =Sun!L97 -> 3 | E96: =Mon!L97 -> 4 | F96: =Tues!L97 -> 4 | G96: =Wed!L97 -> 4 | H96: =Thurs!L97 -> 3 | I96: =SUM(D96:H96) -> 18
B97: 3 | C97: BU | D97: =Sun!L98 -> 2 | E97: =Mon!L98 -> 3 | F97: =Tues!L98 -> 4 | G97: =Wed!L98 -> 4 | H97: =Thurs!L98 -> 5 | I97: =SUM(D97:H97) -> 18
B98: 4 | C98: SOB | D98: =Sun!L99 -> 3 | E98: =Mon!L99 -> 4 | F98: =Tues!L99 -> 4 | G98: =Wed!L99 -> 4 | H98: =Thurs!L99 -> 4 | I98: =SUM(D98:H98) -> 19
B99: 5 | C99: DSL | D99: =Sun!L100 -> 4 | E99: =Mon!L100 -> 4 | F99: =Tues!L100 -> 4 | G99: =Wed!L100 -> 4 | H99: =Thurs!L100 -> 4 | I99: =SUM(D99:H99) -> 20
B100: 6 | C100: MPA | D100: =Sun!L101 -> 2 | E100: =Mon!L101 -> 3 | F100: =Tues!L101 -> 4 | G100: =Wed!L101 -> 3 | H100: =Thurs!L101 -> 3 | I100: =SUM(D100:H100) -> 15
A101: A&C | B101: 1 | C101: SKG | D101: =Sun!L102 -> 4 | E101: =Mon!L102 -> 5 | F101: =Tues!L102 -> 4 | G101: =Wed!L102 -> 3 | H101: =Thurs!L102 -> 4 | I101: =SUM(D101:H101) -> 20
B102: 2 | C102: MHR | D102: =Sun!L103 -> 5 | E102: =Mon!L103 -> 4 | F102: =Tues!L103 -> 4 | G102: =Wed!L103 -> 4 | H102: =Thurs!L103 -> 3 | I102: =SUM(D102:H102) -> 20
B103: 3 | C103: MKI | D103: =Sun!L104 -> 4 | E103: =Mon!L104 -> 4 | F103: =Tues!L104 -> 4 | G103: =Wed!L104 -> 4 | H103: =Thurs!L104 -> 4 | I103: =SUM(D103:H103) -> 20
B104: 4 | C104: SGM | D104: =Sun!L105 -> 4 | E104: =Mon!L105 -> 3 | F104: =Tues!L105 -> 5 | G104: =Wed!L105 -> 4 | H104: =Thurs!L105 -> 4 | I104: =SUM(D104:H104) -> 20
B105: 5 | C105: IJT | D105: =Sun!L106 -> 4 | E105: =Mon!L106 -> 5 | F105: =Tues!L106 -> 4 | G105: =Wed!L106 -> 4 | H105: =Thurs!L106 -> 3 | I105: =SUM(D105:H105) -> 20
A106: LIB | B106: 1 | C106: ASL | D106: =Sun!L107 -> 4 | E106: =Mon!L107 -> 4 | F106: =Tues!L107 -> 4 | G106: =Wed!L107 -> 5 | H106: =Thurs!L107 -> 3 | I106: =SUM(D106:H106) -> 20
I107: =SUM(I4:I106) -> 2021
